{"name":"3eec015d-6d61-4c51-bba0-de0680b34358","id":"/providers/Microsoft.Flow/flows/3eec015d-6d61-4c51-bba0-de0680b34358","type":"Microsoft.Flow/flows","properties":{"apiId":"/providers/Microsoft.PowerApps/apis/shared_logicflows","displayName":"2.0_Session_registration_ Upcoming Event Email for Principals","definition":{"metadata":{"workflowEntityId":null,"processAdvisorMetadata":null,"flowChargedByPaygo":null,"flowclientsuspensionreason":"None","flowclientsuspensiontime":null,"flowclientsuspensionreasondetails":null,"creator":{"id":"17cb4555-7b71-45f4-9323-e54e1f01f7d8","type":"User","tenantId":"b08d0ea5-01df-4053-adc8-4c2a90194428"},"provisioningMethod":"FromDefinition","failureAlertSubscription":true,"clientLastModifiedTime":"2023-06-30T01:46:29.3081821Z"},"$schema":"https://schema.management.azure.com/providers/Microsoft.Logic/schemas/2016-06-01/workflowdefinition.json#","contentVersion":"1.0.0.0","parameters":{"$connections":{"defaultValue":{},"type":"Object"},"$authentication":{"defaultValue":{},"type":"SecureObject"}},"triggers":{"Recurrence":{"recurrence":{"frequency":"Week","interval":1,"timeZone":"Pacific Standard Time","startTime":"2021-12-30T18:00:00.000Z","schedule":{"weekDays":["Wednesday"],"hours":["17"],"minutes":[0]}},"metadata":{"operationMetadataId":"7689766d-2871-4066-9426-0b15856d9949"},"type":"Recurrence"}},"actions":{"Convert_time_zone":{"runAfter":{},"metadata":{"operationMetadataId":"58400c03-0d54-4dbe-92c4-99c80cca805f"},"type":"Expression","kind":"ConvertTimeZone","inputs":{"baseTime":"@{utcNow()}","formatString":"u","sourceTimeZone":"UTC","destinationTimeZone":"Pacific Standard Time"}},"Initialize_two_weeks":{"runAfter":{"Initialize_Exempt_email_body":["Succeeded"]},"metadata":{"operationMetadataId":"352e87ff-d405-48ce-9e47-ce6557138924"},"type":"InitializeVariable","inputs":{"variables":[{"name":"Two_Weeks","type":"string","value":"@{addDays(variables('first_date_scraped'),13,'u')}"}]}},"Initialize_email_body":{"runAfter":{"Initialize_AtIndex_PleaseEnsure":["Succeeded"]},"metadata":{"operationMetadataId":"bfcfc26c-cffd-41b8-a0bc-e7212c6b6744"},"type":"InitializeVariable","inputs":{"variables":[{"name":"email_body","type":"string"}]}},"Initialize_temp_description":{"runAfter":{"Initialize_two_weeks":["Succeeded"]},"metadata":{"operationMetadataId":"4ae2540b-eac4-4e1a-9643-7a026c0b7592"},"type":"InitializeVariable","inputs":{"variables":[{"name":"temp_description","type":"string"}]}},"Initialize_first_date_scraped":{"runAfter":{"Initialize_Event_Titles":["Succeeded"]},"metadata":{"operationMetadataId":"9cf10593-af64-4cc7-867c-185b63f3e1fe"},"type":"InitializeVariable","inputs":{"variables":[{"name":"first_date_scraped","type":"string","value":"@{addDays(body('Convert_time_zone'),5)}"}]}},"Initialize_character_count":{"runAfter":{"Initialize_temp_description":["Succeeded"]},"metadata":{"operationMetadataId":"cc361708-20fe-46de-b11c-5dabca3e816b"},"type":"InitializeVariable","inputs":{"variables":[{"name":"character_count","type":"integer"}]}},"Initialize_AllEventDetails":{"runAfter":{"Initialize_character_count":["Succeeded"]},"metadata":{"operationMetadataId":"fcd95eab-c88a-440a-9579-77e4b1306d30"},"type":"InitializeVariable","inputs":{"variables":[{"name":"AllEventDetails","type":"array"}]}},"Init_robemail":{"runAfter":{"Convert_time_zone":["Succeeded"]},"metadata":{"operationMetadataId":"9b32fade-296b-41a0-aa17-696a336ac644"},"type":"InitializeVariable","inputs":{"variables":[{"name":"robemail","type":"string","value":"robertroutledge@gmail.com;"}]}},"Initialize_distribution_email_addresses":{"runAfter":{"Init_robemail":["Succeeded"]},"metadata":{"operationMetadataId":"e6655076-a75b-4e47-a3c3-6d21d656c0fb"},"type":"InitializeVariable","inputs":{"variables":[{"name":"distribution_email","type":"string","value":"sd22_elementary_admin@sd22.bc.ca;sd22_secondary_admin@sd22.bc.ca;bogasawara@sd22.bc.ca;dcalder@sd22.bc.ca;lball@sd22.bc.ca;lfriesen@sd22.bc.ca;ckiddine@sd22.bc.ca;kbeeby@sd22.bc.ca;jcarter@sd22.bc.ca;sbelshaw@sd22.bc.ca;lforrest@sd22.bc.ca"}]}},"Initialize_VTA_Both_email_body":{"runAfter":{"Initialize_email_body":["Succeeded"]},"metadata":{"operationMetadataId":"57640beb-4a90-4355-aa99-37722875f503"},"type":"InitializeVariable","inputs":{"variables":[{"name":"VTA_Both_email_body","type":"string"}]}},"Initialize_VTA_Sec_email_body":{"runAfter":{"Initialize_VTA_Both_email_body":["Succeeded"]},"metadata":{"operationMetadataId":"57640beb-4a90-4355-aa99-37722875f503"},"type":"InitializeVariable","inputs":{"variables":[{"name":"VTA_Sec_email_body","type":"string"}]}},"Initialize_VTA_VTA_Elem_email_body":{"runAfter":{"Initialize_VTA_Sec_email_body":["Succeeded"]},"metadata":{"operationMetadataId":"57640beb-4a90-4355-aa99-37722875f503"},"type":"InitializeVariable","inputs":{"variables":[{"name":"VTA_Elem_email_body","type":"string"}]}},"Initialize_Cupe_email_body":{"runAfter":{"Initialize_VTA_VTA_Elem_email_body":["Succeeded"]},"metadata":{"operationMetadataId":"57640beb-4a90-4355-aa99-37722875f503"},"type":"InitializeVariable","inputs":{"variables":[{"name":"Cupe_email_body","type":"string"}]}},"Initialize_Exempt_email_body":{"runAfter":{"Initialize_Cupe_email_body":["Succeeded"]},"metadata":{"operationMetadataId":"57640beb-4a90-4355-aa99-37722875f503"},"type":"InitializeVariable","inputs":{"variables":[{"name":"Exempt_email_body","type":"string"}]}},"Initialize_Event_Titles":{"runAfter":{"Initialize_Empty_array":["Succeeded"]},"metadata":{"operationMetadataId":"9123ca49-a3c5-4167-9fb1-f5ac14fdfca1"},"type":"InitializeVariable","inputs":{"variables":[{"name":"Event_Titles","type":"array"}]}},"Initialize_Empty_array":{"runAfter":{"Initialize_distribution_email_addresses":["Succeeded"]},"metadata":{"operationMetadataId":"9ea1e9fb-0cd7-41ee-ba97-6910431ecd56"},"type":"InitializeVariable","inputs":{"variables":[{"name":"Empty_array","type":"array"}]}},"Initialize_AtIndex_ClickHere":{"runAfter":{"Initialize_first_date_scraped":["Succeeded"]},"metadata":{"operationMetadataId":"d4d85ef2-d23a-49d6-96d0-646f0344a474"},"type":"InitializeVariable","inputs":{"variables":[{"name":"AtIndex_ClickHere","type":"string"}]}},"Initialize_temp_body":{"runAfter":{"Initialize_AllEventDetails":["Succeeded"]},"metadata":{"operationMetadataId":"be44ed6b-0db3-4f5f-aac8-6b127650af53"},"type":"InitializeVariable","inputs":{"variables":[{"name":"temp_body","type":"string"}]}},"Initialize_AtIndex_PleaseEnsure":{"runAfter":{"Initialize_AtIndex_ClickHere":["Succeeded"]},"metadata":{"operationMetadataId":"5426a01e-69f3-4256-8598-333844d9ba17"},"type":"InitializeVariable","inputs":{"variables":[{"name":"AtIndex_PleaseEnsure","type":"string","value":"-1"}]}},"Try":{"actions":{"Scrape_Learning_Calendar":{"actions":{"Get_Next_Two_Weeks_of_Events":{"runAfter":{},"metadata":{"operationMetadataId":"fef9c89e-ed7e-4db2-981f-09eb4706f819"},"type":"OpenApiConnection","inputs":{"host":{"apiId":"/providers/Microsoft.PowerApps/apis/shared_office365","connectionName":"shared_office365","operationId":"GetEventsCalendarViewV3"},"parameters":{"calendarId":"AAMkADM4YTE2OWQ4LTQyMjctNDBiOS04NjA4LWVjMTE3MTcxNDhhYgBGAAAAAADP8prdIMwURIk9lUtu-g1DBwBvBW7PZ5k0RqpiFv_W-ZopAAAAAAEGAABvBW7PZ5k0RqpiFv_W-ZopAAAKKmsLAAA=","startDateTimeUtc":"@variables('first_date_scraped')","endDateTimeUtc":"@variables('Two_Weeks')","$orderby":"Start/DateTime asc"},"authentication":"@parameters('$authentication')"}},"build_event_subject_list":{"foreach":"@outputs('Get_Next_Two_Weeks_of_Events')?['body/value']","actions":{"Append_to_array_variable":{"runAfter":{},"metadata":{"operationMetadataId":"1b2fe27e-6cc8-4596-a36f-617d46b8f652"},"type":"AppendToArrayVariable","inputs":{"name":"Event_Titles","value":"@items('build_event_subject_list')?['subject']"}}},"runAfter":{"Get_Next_Two_Weeks_of_Events":["Succeeded"]},"metadata":{"operationMetadataId":"295e0ef1-c4a3-4f5f-950a-95bd587a74b9"},"type":"Foreach"},"Build_JSon":{"foreach":"@variables('Event_Titles')","actions":{"Get_a_row":{"runAfter":{},"metadata":{"01U7SYO7BFR24Z3HZEJFBKSSGR2WODTQUW":"/Automation - Learning Department Session Scheduler Sep 2022/Learning_Session_Workbook.xlsx","operationMetadataId":"39d4f3c9-34ea-4ea1-b5cd-3686a534fc09","tableId":"{EBE8D35C-C4AC-41DD-BB36-46EAC10D8013}"},"type":"OpenApiConnection","inputs":{"host":{"apiId":"/providers/Microsoft.PowerApps/apis/shared_excelonlinebusiness","connectionName":"shared_excelonlinebusiness","operationId":"GetItem"},"parameters":{"source":"me","drive":"b!b9bnH5uZeE2qgfRgwaNHVPMoML1YyrhPrueck9ucTVOBVmZxVdnGRKOamzB3g8K-","file":"01U7SYO7BFR24Z3HZEJFBKSSGR2WODTQUW","table":"{EBE8D35C-C4AC-41DD-BB36-46EAC10D8013}","idColumn":"Subject","id":"@items('Build_JSon')"},"authentication":"@parameters('$authentication')"}},"JSONStructured":{"runAfter":{"StartTime":["Succeeded"]},"metadata":{"operationMetadataId":"2cab03f7-d65e-4862-8e0c-fa201fe33d8c"},"type":"Compose","inputs":{"SessionTitle":"@outputs('Get_a_row')?['body/Subject']","Date":"@formatDateTime(outputs('Get_a_row')?['body/Start_time'],'MMM dd')","Tics":"@string(ticks(formatDateTime(outputs('Get_a_row')?['body/Start_time'])))","StartTime":"@formatDateTime(outputs('Get_a_row')?['body/Start_time'],'t')","EndTime":"@formatDateTime(outputs('Get_a_row')?['body/End_time'],'t')","Location":"@outputs('Get_a_row')?['body/Location']","Description":"@body('Html_to_text')","VTA/Cupe/Exempt":"@outputs('Get_a_row')?['body/Audience']","Elementary/Secondary/Both":"@outputs('Get_a_row')?['body/ElemOrSecondary']"}},"Append_to_array_variable_2":{"runAfter":{"JSONStructured":["Succeeded"]},"metadata":{"operationMetadataId":"74110d00-8390-4c1b-aedf-00d1115efa39"},"type":"AppendToArrayVariable","inputs":{"name":"AllEventDetails","value":"@outputs('JSONStructured')"}},"StartTime":{"runAfter":{"Html_to_text":["Succeeded"]},"metadata":{"operationMetadataId":"130bbb1f-ebf2-4e68-aaf3-a4ef2ced67f4"},"type":"Compose","inputs":"@formatDateTime(outputs('Get_a_row')?['body/Start_time'],'t')"},"Html_to_text":{"runAfter":{"Get_a_row":["Succeeded"]},"metadata":{"operationMetadataId":"5790266b-cce4-4e70-894f-4d32e36a8306"},"type":"OpenApiConnection","inputs":{"host":{"apiId":"/providers/Microsoft.PowerApps/apis/shared_conversionservice","connectionName":"shared_conversionservice_1","operationId":"HtmlToText"},"parameters":{"Content":"<p>@{outputs('Get_a_row')?['body/Body']}</p>"},"authentication":"@parameters('$authentication')"}}},"runAfter":{"build_event_subject_list":["Succeeded"]},"metadata":{"operationMetadataId":"3e7853e6-f20a-4fef-ae57-4e991ee590d5"},"type":"Foreach"},"Dump_Event_Title":{"runAfter":{"Build_JSon":["Succeeded"]},"metadata":{"operationMetadataId":"6e6a4c6c-1e1f-4a0c-b3a0-323673a7d57d"},"type":"SetVariable","inputs":{"name":"Event_Titles","value":"@variables('Empty_array')"}}},"runAfter":{},"metadata":{"operationMetadataId":"b7a3ff04-efc1-4d83-b019-aaba6e17d3e3"},"type":"Scope"},"Scrape_Indigenous_Calendar":{"actions":{"Get_Next_Two_Weeks_of_Events_2":{"runAfter":{},"metadata":{"operationMetadataId":"fef9c89e-ed7e-4db2-981f-09eb4706f819"},"type":"OpenApiConnection","inputs":{"host":{"apiId":"/providers/Microsoft.PowerApps/apis/shared_office365","connectionName":"shared_office365","operationId":"GetEventsCalendarViewV3"},"parameters":{"calendarId":"AAMkADM4YTE2OWQ4LTQyMjctNDBiOS04NjA4LWVjMTE3MTcxNDhhYgBGAAAAAADP8prdIMwURIk9lUtu-g1DBwBvBW7PZ5k0RqpiFv_W-ZopAAAAAAEGAABvBW7PZ5k0RqpiFv_W-ZopAAAKKmsKAAA=","startDateTimeUtc":"@variables('first_date_scraped')","endDateTimeUtc":"@variables('Two_Weeks')","$orderby":"Start/DateTime asc"},"authentication":"@parameters('$authentication')"}},"build_event_subject_list_2":{"foreach":"@outputs('Get_Next_Two_Weeks_of_Events_2')?['body/value']","actions":{"Append_to_array_variable_3":{"runAfter":{},"metadata":{"operationMetadataId":"1b2fe27e-6cc8-4596-a36f-617d46b8f652"},"type":"AppendToArrayVariable","inputs":{"name":"Event_Titles","value":"@items('build_event_subject_list_2')?['subject']"}}},"runAfter":{"Get_Next_Two_Weeks_of_Events_2":["Succeeded"]},"metadata":{"operationMetadataId":"295e0ef1-c4a3-4f5f-950a-95bd587a74b9"},"type":"Foreach"},"Build_JSon_2":{"foreach":"@variables('Event_Titles')","actions":{"Get_a_row_2":{"runAfter":{},"metadata":{"01U7SYO7BFR24Z3HZEJFBKSSGR2WODTQUW":"/Automation - Learning Department Session Scheduler Sep 2022/Learning_Session_Workbook.xlsx","operationMetadataId":"39d4f3c9-34ea-4ea1-b5cd-3686a534fc09","tableId":"{EBE8D35C-C4AC-41DD-BB36-46EAC10D8013}"},"type":"OpenApiConnection","inputs":{"host":{"apiId":"/providers/Microsoft.PowerApps/apis/shared_excelonlinebusiness","connectionName":"shared_excelonlinebusiness","operationId":"GetItem"},"parameters":{"source":"me","drive":"b!b9bnH5uZeE2qgfRgwaNHVPMoML1YyrhPrueck9ucTVOBVmZxVdnGRKOamzB3g8K-","file":"01U7SYO7BFR24Z3HZEJFBKSSGR2WODTQUW","table":"{EBE8D35C-C4AC-41DD-BB36-46EAC10D8013}","idColumn":"Subject","id":"@items('Build_JSon_2')"},"authentication":"@parameters('$authentication')"}},"JSONStructured_2":{"runAfter":{"StartTime_2":["Succeeded"]},"metadata":{"operationMetadataId":"2cab03f7-d65e-4862-8e0c-fa201fe33d8c"},"type":"Compose","inputs":{"SessionTitle":"@outputs('Get_a_row_2')?['body/Subject']","Date":"@formatDateTime(outputs('Get_a_row_2')?['body/Start_time'], 'MMM dd')","Tics":"@string(ticks(formatDateTime(outputs('Get_a_row_2')?['body/Start_time'])))","StartTime":"@formatDateTime(outputs('Get_a_row_2')?['body/Start_time'], 't')","EndTime":"@formatDateTime(outputs('Get_a_row_2')?['body/End_time'], 't')","Location":"@outputs('Get_a_row_2')?['body/Location']","Description":"@body('Html_to_text_2')","VTA/Cupe/Exempt":"@outputs('Get_a_row_2')?['body/Audience']","Elementary/Secondary/Both":"@outputs('Get_a_row_2')?['body/ElemOrSecondary']"}},"Append_to_array_variable_4":{"runAfter":{"JSONStructured_2":["Succeeded"]},"metadata":{"operationMetadataId":"74110d00-8390-4c1b-aedf-00d1115efa39"},"type":"AppendToArrayVariable","inputs":{"name":"AllEventDetails","value":"@outputs('JSONStructured_2')"}},"StartTime_2":{"runAfter":{"Html_to_text_2":["Succeeded"]},"metadata":{"operationMetadataId":"130bbb1f-ebf2-4e68-aaf3-a4ef2ced67f4"},"type":"Compose","inputs":"@formatDateTime(outputs('Get_a_row_2')?['body/Start_time'], 't')"},"Html_to_text_2":{"runAfter":{"Get_a_row_2":["Succeeded"]},"metadata":{"operationMetadataId":"5790266b-cce4-4e70-894f-4d32e36a8306"},"type":"OpenApiConnection","inputs":{"host":{"apiId":"/providers/Microsoft.PowerApps/apis/shared_conversionservice","connectionName":"shared_conversionservice_1","operationId":"HtmlToText"},"parameters":{"Content":"<p>@{outputs('Get_a_row_2')?['body/Body']}</p>"},"authentication":"@parameters('$authentication')"}}},"runAfter":{"build_event_subject_list_2":["Succeeded"]},"metadata":{"operationMetadataId":"3e7853e6-f20a-4fef-ae57-4e991ee590d5"},"type":"Foreach"},"Dump_Event_Title_2":{"runAfter":{"Build_JSon_2":["Succeeded"]},"metadata":{"operationMetadataId":"3905801c-3468-4208-94f8-92cbb5442567"},"type":"SetVariable","inputs":{"name":"Event_Titles","value":"@variables('Empty_array')"}}},"runAfter":{"Scrape_Learning_Calendar":["Succeeded"]},"metadata":{"operationMetadataId":"b7a3ff04-efc1-4d83-b019-aaba6e17d3e3"},"type":"Scope"},"Scrape_Inclusion":{"actions":{"Get_Next_Two_Weeks_of_Events_3":{"runAfter":{},"metadata":{"operationMetadataId":"fef9c89e-ed7e-4db2-981f-09eb4706f819"},"type":"OpenApiConnection","inputs":{"host":{"apiId":"/providers/Microsoft.PowerApps/apis/shared_office365","connectionName":"shared_office365","operationId":"GetEventsCalendarViewV3"},"parameters":{"calendarId":"AAMkADM4YTE2OWQ4LTQyMjctNDBiOS04NjA4LWVjMTE3MTcxNDhhYgBGAAAAAADP8prdIMwURIk9lUtu-g1DBwBvBW7PZ5k0RqpiFv_W-ZopAAAAAAEGAABvBW7PZ5k0RqpiFv_W-ZopAAAKKmsJAAA=","startDateTimeUtc":"@variables('first_date_scraped')","endDateTimeUtc":"@variables('Two_Weeks')","$orderby":"Start/DateTime asc"},"authentication":"@parameters('$authentication')"}},"build_event_subject_list_3":{"foreach":"@outputs('Get_Next_Two_Weeks_of_Events_3')?['body/value']","actions":{"Append_to_array_variable_5":{"runAfter":{},"metadata":{"operationMetadataId":"1b2fe27e-6cc8-4596-a36f-617d46b8f652"},"type":"AppendToArrayVariable","inputs":{"name":"Event_Titles","value":"@items('build_event_subject_list_3')?['subject']"}}},"runAfter":{"Get_Next_Two_Weeks_of_Events_3":["Succeeded"]},"metadata":{"operationMetadataId":"295e0ef1-c4a3-4f5f-950a-95bd587a74b9"},"type":"Foreach"},"Build_JSon_3":{"foreach":"@variables('Event_Titles')","actions":{"Get_a_row_3":{"runAfter":{},"metadata":{"01U7SYO7BFR24Z3HZEJFBKSSGR2WODTQUW":"/Automation - Learning Department Session Scheduler Sep 2022/Learning_Session_Workbook.xlsx","operationMetadataId":"39d4f3c9-34ea-4ea1-b5cd-3686a534fc09","tableId":"{EBE8D35C-C4AC-41DD-BB36-46EAC10D8013}"},"type":"OpenApiConnection","inputs":{"host":{"apiId":"/providers/Microsoft.PowerApps/apis/shared_excelonlinebusiness","connectionName":"shared_excelonlinebusiness","operationId":"GetItem"},"parameters":{"source":"me","drive":"b!b9bnH5uZeE2qgfRgwaNHVPMoML1YyrhPrueck9ucTVOBVmZxVdnGRKOamzB3g8K-","file":"01U7SYO7BFR24Z3HZEJFBKSSGR2WODTQUW","table":"{EBE8D35C-C4AC-41DD-BB36-46EAC10D8013}","idColumn":"Subject","id":"@items('Build_JSon_3')"},"authentication":"@parameters('$authentication')"}},"JSONStructured_3":{"runAfter":{"StartTime_3":["Succeeded"]},"metadata":{"operationMetadataId":"2cab03f7-d65e-4862-8e0c-fa201fe33d8c"},"type":"Compose","inputs":{"SessionTitle":"@outputs('Get_a_row_3')?['body/Subject']","Date":"@formatDateTime(outputs('Get_a_row_3')?['body/Start_time'], 'MMM dd')","Tics":"@string(ticks(formatDateTime(outputs('Get_a_row_3')?['body/Start_time'])))","StartTime":"@formatDateTime(outputs('Get_a_row_3')?['body/Start_time'], 't')","EndTime":"@formatDateTime(outputs('Get_a_row_3')?['body/End_time'], 't')","Location":"@outputs('Get_a_row_3')?['body/Location']","Description":"@body('Html_to_text_3')","VTA/Cupe/Exempt":"@outputs('Get_a_row_3')?['body/Audience']","Elementary/Secondary/Both":"@outputs('Get_a_row_3')?['body/ElemOrSecondary']"}},"Append_to_array_variable_6":{"runAfter":{"JSONStructured_3":["Succeeded"]},"metadata":{"operationMetadataId":"74110d00-8390-4c1b-aedf-00d1115efa39"},"type":"AppendToArrayVariable","inputs":{"name":"AllEventDetails","value":"@outputs('JSONStructured_3')"}},"StartTime_3":{"runAfter":{"Html_to_text_3":["Succeeded"]},"metadata":{"operationMetadataId":"130bbb1f-ebf2-4e68-aaf3-a4ef2ced67f4"},"type":"Compose","inputs":"@formatDateTime(outputs('Get_a_row_3')?['body/Start_time'], 't')"},"Html_to_text_3":{"runAfter":{"Get_a_row_3":["Succeeded"]},"metadata":{"operationMetadataId":"5790266b-cce4-4e70-894f-4d32e36a8306"},"type":"OpenApiConnection","inputs":{"host":{"apiId":"/providers/Microsoft.PowerApps/apis/shared_conversionservice","connectionName":"shared_conversionservice_1","operationId":"HtmlToText"},"parameters":{"Content":"<p>@{outputs('Get_a_row_3')?['body/Body']}</p>"},"authentication":"@parameters('$authentication')"}}},"runAfter":{"build_event_subject_list_3":["Succeeded"]},"metadata":{"operationMetadataId":"3e7853e6-f20a-4fef-ae57-4e991ee590d5"},"type":"Foreach"},"Dump_Event_Title_3":{"runAfter":{"Build_JSon_3":["Succeeded"]},"metadata":{"operationMetadataId":"8d5ab4fb-48e0-46ea-b73e-40b306dd6dc0"},"type":"SetVariable","inputs":{"name":"Event_Titles","value":"@variables('Empty_array')"}}},"runAfter":{"Scrape_Indigenous_Calendar":["Succeeded"]},"metadata":{"operationMetadataId":"b7a3ff04-efc1-4d83-b019-aaba6e17d3e3"},"type":"Scope"},"Sort_Array":{"actions":{"Compose":{"runAfter":{},"metadata":{"operationMetadataId":"d191e138-5b2f-4450-9794-5bfd707f20f9"},"type":"Compose","inputs":"@sort(variables('AllEventDetails'),'Tics')"},"Set_variable_3":{"runAfter":{"Compose":["Succeeded"]},"metadata":{"operationMetadataId":"8d23757a-a6e8-4898-8510-55d52996b35b"},"type":"SetVariable","inputs":{"name":"AllEventDetails","value":"@outputs('Compose')"}}},"runAfter":{"Scrape_Inclusion":["Succeeded"]},"metadata":{"operationMetadataId":"12ac24c6-9a82-403b-a04d-d2683a80f572"},"type":"Scope"},"Email_VTA_and_Elem_":{"actions":{"Filter_VTA_and_Either_Elem_or_Secondary_2":{"runAfter":{},"metadata":{"operationMetadataId":"e1403a65-2e30-43c2-b785-f0f2fcb29bb6"},"type":"Query","inputs":{"from":"@variables('AllEventDetails')","where":"@or(and(equals(item()?['VTA/Cupe/Exempt'], 'VTA'),equals(item()?['Elementary/Secondary/Both'],'Elementary')),and(equals(item()?['VTA/Cupe/Exempt'], 'VTA'),equals(item()?['Elementary/Secondary/Both'],'Both/Either')))"}},"Condition_2":{"actions":{"VTA_Either_Elem_or_Secondary_Email_2":{"foreach":"@body('Filter_VTA_and_Either_Elem_or_Secondary_2')","actions":{"Event_Description_2":{"actions":{"Descriptions_2":{"runAfter":{},"metadata":{"operationMetadataId":"ee281b6d-39c6-4ee3-aa83-3fae4613e5eb"},"type":"Compose","inputs":"@items('VTA_Either_Elem_or_Secondary_Email_2')['Description']"},"Strip_HTML_2":{"runAfter":{"Descriptions_2":["Succeeded"]},"metadata":{"operationMetadataId":"22cf0500-a764-45b9-b4ef-2aa1ebe86912"},"type":"OpenApiConnection","inputs":{"host":{"apiId":"/providers/Microsoft.PowerApps/apis/shared_conversionservice","connectionName":"shared_conversionservice_1","operationId":"HtmlToText"},"parameters":{"Content":"<p>@{outputs('Descriptions_2')}</p>"},"authentication":"@parameters('$authentication')"}},"Set_Event_Description_check_if_description_says_please_ensure":{"actions":{"Set_temp_description_with_please_ensure":{"runAfter":{},"metadata":{"operationMetadataId":"de05faae-6fc3-40fb-87e7-3d8b2dfe04a9"},"type":"SetVariable","inputs":{"name":"temp_description","value":"@{substring(outputs('Strip_HTML_2')?['body'], 0, int(variables('AtIndex_PleaseEnsure')))}"}}},"runAfter":{"Set_variable_2":["Succeeded"]},"else":{"actions":{"Check_click_here_to_join":{"actions":{"Set_temp_description_with_please_ensure_2":{"runAfter":{},"metadata":{"operationMetadataId":"de05faae-6fc3-40fb-87e7-3d8b2dfe04a9"},"type":"SetVariable","inputs":{"name":"temp_description","value":"@{substring(outputs('Strip_HTML_2')?['body'], 0, int(variables('AtIndex_ClickHere')))}"}}},"runAfter":{},"else":{"actions":{"Set_variable":{"runAfter":{},"metadata":{"operationMetadataId":"228f1d0c-4dbc-4481-aa9f-80a95ed3fb24"},"type":"SetVariable","inputs":{"name":"temp_description","value":"@body('Strip_HTML_2')"}}}},"expression":{"greater":["@int(variables('AtIndex_ClickHere'))",0]},"metadata":{"operationMetadataId":"427031f9-debb-4c05-a7fe-fa53aae666a3"},"type":"If"}}},"expression":{"greater":["@int(variables('AtIndex_PleaseEnsure'))",0]},"metadata":{"operationMetadataId":"906323c7-c065-4f80-b773-5dd6749b20ff"},"type":"If"},"Set_AtIndex_Clickhere":{"runAfter":{"Strip_HTML_2":["Succeeded"]},"metadata":{"operationMetadataId":"151605ad-eff0-4686-afd3-c9d659790e99"},"type":"SetVariable","inputs":{"name":"AtIndex_ClickHere","value":"@{indexOf(outputs('Strip_HTML_2')?['body'], 'Click here')}"}},"Set_variable_2":{"runAfter":{"Set_AtIndex_Clickhere":["Succeeded"]},"metadata":{"operationMetadataId":"c5585f45-e724-45b5-89c3-bcef6dcbe122"},"type":"SetVariable","inputs":{"name":"AtIndex_PleaseEnsure","value":"@{indexOf(outputs('Strip_HTML_2')?['body'], 'Please ensure')}"}}},"runAfter":{},"metadata":{"operationMetadataId":"ba53e269-8c5d-4a25-9a1c-869dbd008355"},"type":"Scope"},"Final_Session_Title_2":{"runAfter":{"Event_Description_2":["Succeeded"]},"metadata":{"operationMetadataId":"14918491-dba4-4c9e-81ed-dbcd802305ca"},"type":"Compose","inputs":"@items('VTA_Either_Elem_or_Secondary_Email_2')['SessionTitle']"},"Date_2":{"runAfter":{"Final_Session_Title_2":["Succeeded"]},"metadata":{"operationMetadataId":"fec11bfd-8a75-40f7-8ee3-d2bc579f4ce7"},"type":"Compose","inputs":"@items('VTA_Either_Elem_or_Secondary_Email_2')['Date']"},"Start_2":{"runAfter":{"Date_2":["Succeeded"]},"metadata":{"operationMetadataId":"314bde28-4d88-44c1-819f-8a3c751e411d"},"type":"Compose","inputs":"@items('VTA_Either_Elem_or_Secondary_Email_2')['StartTime']"},"End_2":{"runAfter":{"Start_2":["Succeeded"]},"metadata":{"operationMetadataId":"eec4f54e-2760-45f5-859f-4d417dd62e1f"},"type":"Compose","inputs":"@items('VTA_Either_Elem_or_Secondary_Email_2')['EndTime']"},"Location_2":{"runAfter":{"End_2":["Succeeded"]},"metadata":{"operationMetadataId":"6bd3eed3-c373-4266-afef-356d5bdab6b4"},"type":"Compose","inputs":"@items('VTA_Either_Elem_or_Secondary_Email_2')['Location']"},"Build_the_email_body_2":{"runAfter":{"Location_2":["Succeeded"]},"metadata":{"operationMetadataId":"7d8357f8-9b4a-48ef-b86d-4fb38bfabc67"},"type":"AppendToStringVariable","inputs":{"name":"email_body","value":"<b>Session Title:</b> @{outputs('Final_Session_Title_2')}<br>\n<b>Date: </b>@{outputs('Date_2')} from @{outputs('Start_2')} to @{outputs('End_2')}<br>\n<b>Location:</b> @{outputs('Location_2')}<br>\n<b>Session Description:</b> @{variables('temp_description')}<br><br>\n"}}},"runAfter":{},"metadata":{"operationMetadataId":"3b8d42a6-1289-430c-b889-51307bc4179e"},"type":"Foreach"},"Set_VTA_Both_Email_Body_2":{"runAfter":{"VTA_Either_Elem_or_Secondary_Email_2":["Succeeded"]},"metadata":{"operationMetadataId":"bde38af8-4c09-4b40-bcf8-3d1ed464f23c"},"type":"SetVariable","inputs":{"name":"VTA_Elem_email_body","value":"<b><u>Sessions intended for Elementary VTA staff:</u></b><br><br>\n@{variables('email_body')}<br>"}},"Dump_email_body_2":{"runAfter":{"Set_VTA_Both_Email_Body_2":["Succeeded"]},"metadata":{"operationMetadataId":"15c0696b-27a0-4577-887c-60a1cbf1f2d8"},"type":"SetVariable","inputs":{"name":"email_body","value":"@{null}"}}},"runAfter":{"Filter_VTA_and_Either_Elem_or_Secondary_2":["Succeeded"]},"expression":{"greater":["@length(body('Filter_VTA_and_Either_Elem_or_Secondary_2'))",0]},"metadata":{"operationMetadataId":"1db0946a-87eb-4a6e-870a-f46a00fa49cd"},"type":"If"}},"runAfter":{"Sort_Array":["Succeeded"]},"metadata":{"operationMetadataId":"a0555b21-6792-4941-86b4-a1c7dbd14c90"},"type":"Scope"},"Email_VTA_and_Secondary":{"actions":{"Filter_VTA_and_Either_Elem_or_Secondary_3":{"runAfter":{},"metadata":{"operationMetadataId":"e1403a65-2e30-43c2-b785-f0f2fcb29bb6"},"type":"Query","inputs":{"from":"@variables('AllEventDetails')","where":"@or(and(equals(item()?['VTA/Cupe/Exempt'], 'VTA'),equals(item()?['Elementary/Secondary/Both'],'Secondary')),and(equals(item()?['VTA/Cupe/Exempt'], 'VTA'),equals(item()?['Elementary/Secondary/Both'],'Both/Either')))"}},"Condition":{"actions":{"VTA_Either_Elem_or_Secondary_Email_3":{"foreach":"@body('Filter_VTA_and_Either_Elem_or_Secondary_3')","actions":{"Event_Description_3":{"actions":{"Descriptions_3":{"runAfter":{},"metadata":{"operationMetadataId":"ee281b6d-39c6-4ee3-aa83-3fae4613e5eb"},"type":"Compose","inputs":"@items('VTA_Either_Elem_or_Secondary_Email_3')['Description']"},"Strip_HTML_3":{"runAfter":{"Descriptions_3":["Succeeded"]},"metadata":{"operationMetadataId":"22cf0500-a764-45b9-b4ef-2aa1ebe86912"},"type":"OpenApiConnection","inputs":{"host":{"apiId":"/providers/Microsoft.PowerApps/apis/shared_conversionservice","connectionName":"shared_conversionservice_1","operationId":"HtmlToText"},"parameters":{"Content":"<p>@{outputs('Descriptions_3')}</p>"},"authentication":"@parameters('$authentication')"}},"Set_AtIndex_Please_Ensure_3":{"runAfter":{"Strip_HTML_3":["Succeeded"]},"metadata":{"operationMetadataId":"b77ad073-10f9-48d8-9a24-e3f64ff96a1b"},"type":"SetVariable","inputs":{"name":"AtIndex_PleaseEnsure","value":"@{indexOf(outputs('Strip_HTML_3')?['body'], 'Please ensure')}"}},"Set_Event_Description_check_if_description_says_please_ensure_3":{"actions":{"Set_temp_description_with_please_ensure_3":{"runAfter":{},"metadata":{"operationMetadataId":"de05faae-6fc3-40fb-87e7-3d8b2dfe04a9"},"type":"SetVariable","inputs":{"name":"temp_description","value":"@{substring(outputs('Strip_HTML_3')?['body'], 0, int(variables('AtIndex_PleaseEnsure')))}"}}},"runAfter":{"Set_AtIndex_Clickhere_2":["Succeeded"]},"else":{"actions":{"Check_click_here_to_join_2":{"actions":{"Set_temp_description_with_please_ensure_6":{"runAfter":{},"metadata":{"operationMetadataId":"de05faae-6fc3-40fb-87e7-3d8b2dfe04a9"},"type":"SetVariable","inputs":{"name":"temp_description","value":"@{substring(outputs('Strip_HTML_3')?['body'], 0, int(variables('AtIndex_ClickHere')))}"}}},"runAfter":{},"else":{"actions":{"Set_variable_4":{"runAfter":{},"metadata":{"operationMetadataId":"228f1d0c-4dbc-4481-aa9f-80a95ed3fb24"},"type":"SetVariable","inputs":{"name":"temp_description","value":"@body('Strip_HTML_3')"}}}},"expression":{"greater":["@int(variables('AtIndex_ClickHere'))",0]},"metadata":{"operationMetadataId":"df213d6c-8410-4f24-bcc4-ceae01ed5a9c"},"type":"If"}}},"expression":{"greater":["@int(variables('AtIndex_PleaseEnsure'))",1]},"metadata":{"operationMetadataId":"906323c7-c065-4f80-b773-5dd6749b20ff"},"type":"If"},"Set_AtIndex_Clickhere_2":{"runAfter":{"Set_AtIndex_Please_Ensure_3":["Succeeded"]},"metadata":{"operationMetadataId":"86acbf40-db90-4365-930f-5d40e4ec9b02"},"type":"SetVariable","inputs":{"name":"AtIndex_ClickHere","value":"@{indexOf(outputs('Strip_HTML_3')?['body'], 'Click here')}"}}},"runAfter":{},"metadata":{"operationMetadataId":"ba53e269-8c5d-4a25-9a1c-869dbd008355"},"type":"Scope"},"Final_Session_Title_3":{"runAfter":{"Event_Description_3":["Succeeded"]},"metadata":{"operationMetadataId":"14918491-dba4-4c9e-81ed-dbcd802305ca"},"type":"Compose","inputs":"@items('VTA_Either_Elem_or_Secondary_Email_3')['SessionTitle']"},"Date_3":{"runAfter":{"Final_Session_Title_3":["Succeeded"]},"metadata":{"operationMetadataId":"fec11bfd-8a75-40f7-8ee3-d2bc579f4ce7"},"type":"Compose","inputs":"@items('VTA_Either_Elem_or_Secondary_Email_3')['Date']"},"Start_3":{"runAfter":{"Date_3":["Succeeded"]},"metadata":{"operationMetadataId":"314bde28-4d88-44c1-819f-8a3c751e411d"},"type":"Compose","inputs":"@items('VTA_Either_Elem_or_Secondary_Email_3')['StartTime']"},"End_3":{"runAfter":{"Start_3":["Succeeded"]},"metadata":{"operationMetadataId":"eec4f54e-2760-45f5-859f-4d417dd62e1f"},"type":"Compose","inputs":"@items('VTA_Either_Elem_or_Secondary_Email_3')['EndTime']"},"Location_3":{"runAfter":{"End_3":["Succeeded"]},"metadata":{"operationMetadataId":"6bd3eed3-c373-4266-afef-356d5bdab6b4"},"type":"Compose","inputs":"@items('VTA_Either_Elem_or_Secondary_Email_3')['Location']"},"Build_the_email_body_3":{"runAfter":{"Location_3":["Succeeded"]},"metadata":{"operationMetadataId":"7d8357f8-9b4a-48ef-b86d-4fb38bfabc67"},"type":"AppendToStringVariable","inputs":{"name":"email_body","value":"<b>Session Title:</b> @{outputs('Final_Session_Title_3')}<br>\n<b>Date:</b>@{outputs('Date_3')} from @{outputs('Start_3')} to @{outputs('End_3')}<br>\n<b>Location:</b> @{outputs('Location_3')}<br>\n<b>Session Description:</b> @{variables('temp_description')}<br><br>\n"}}},"runAfter":{},"metadata":{"operationMetadataId":"3b8d42a6-1289-430c-b889-51307bc4179e"},"type":"Foreach"},"Set_VTA_Both_Email_Body_3":{"runAfter":{"VTA_Either_Elem_or_Secondary_Email_3":["Succeeded"]},"metadata":{"operationMetadataId":"9fd28647-f22a-4ffb-94da-99a554cf25fb"},"type":"SetVariable","inputs":{"name":"VTA_Sec_email_body","value":"<b><u>Sessions intended for Secondary VTA staff:</u></b><br><br>\n@{variables('email_body')}<br>"}},"Dump_email_body_3":{"runAfter":{"Set_VTA_Both_Email_Body_3":["Succeeded"]},"metadata":{"operationMetadataId":"cfc7ed73-dc53-4985-b1c4-3c6b8b92c405"},"type":"SetVariable","inputs":{"name":"email_body","value":"@{null}"}}},"runAfter":{"Filter_VTA_and_Either_Elem_or_Secondary_3":["Succeeded"]},"expression":{"greater":["@length(body('Filter_VTA_and_Either_Elem_or_Secondary_3'))",0]},"metadata":{"operationMetadataId":"ddaaf51e-f106-45f9-a161-07afb495207a"},"type":"If"}},"runAfter":{"Email_VTA_and_Elem_":["Succeeded"]},"metadata":{"operationMetadataId":"812ebddb-280b-4ed9-9197-4e8623547181"},"type":"Scope"},"Email_CUPE":{"actions":{"Filter_VTA_and_Either_Elem_or_Secondary_4":{"runAfter":{},"metadata":{"operationMetadataId":"e1403a65-2e30-43c2-b785-f0f2fcb29bb6"},"type":"Query","inputs":{"from":"@variables('AllEventDetails')","where":"@equals(item()?['VTA/Cupe/Exempt'], 'CUPE')"}},"Only_build_if_content":{"actions":{"VTA_Either_Elem_or_Secondary_Email_4":{"foreach":"@body('Filter_VTA_and_Either_Elem_or_Secondary_4')","actions":{"Event_Description_4":{"actions":{"Descriptions_4":{"runAfter":{},"metadata":{"operationMetadataId":"ee281b6d-39c6-4ee3-aa83-3fae4613e5eb"},"type":"Compose","inputs":"@items('VTA_Either_Elem_or_Secondary_Email_4')['Description']"},"Strip_HTML_4":{"runAfter":{"Descriptions_4":["Succeeded"]},"metadata":{"operationMetadataId":"22cf0500-a764-45b9-b4ef-2aa1ebe86912"},"type":"OpenApiConnection","inputs":{"host":{"apiId":"/providers/Microsoft.PowerApps/apis/shared_conversionservice","connectionName":"shared_conversionservice_1","operationId":"HtmlToText"},"parameters":{"Content":"<p>@{outputs('Descriptions_4')}</p>"},"authentication":"@parameters('$authentication')"}},"Set_AtIndex_Please_Ensure_4":{"runAfter":{"Strip_HTML_4":["Succeeded"]},"metadata":{"operationMetadataId":"b77ad073-10f9-48d8-9a24-e3f64ff96a1b"},"type":"SetVariable","inputs":{"name":"AtIndex_PleaseEnsure","value":"@{indexOf(outputs('Strip_HTML_4')?['body'], 'Please ensure')}"}},"Set_Event_Description_check_if_description_says_please_ensure_4":{"actions":{"Set_temp_description_with_please_ensure_4":{"runAfter":{},"metadata":{"operationMetadataId":"de05faae-6fc3-40fb-87e7-3d8b2dfe04a9"},"type":"SetVariable","inputs":{"name":"temp_description","value":"@{substring(outputs('Strip_HTML_4')?['body'], 0, int(variables('AtIndex_PleaseEnsure')))}"}}},"runAfter":{"Set_AtIndex_Clickhere_3":["Succeeded"]},"else":{"actions":{"Check_click_here_to_join_3":{"actions":{"Set_temp_description_with_please_ensure_7":{"runAfter":{},"metadata":{"operationMetadataId":"de05faae-6fc3-40fb-87e7-3d8b2dfe04a9"},"type":"SetVariable","inputs":{"name":"temp_description","value":"@{substring(outputs('Strip_HTML_4')?['body'], 0, int(variables('AtIndex_ClickHere')))}"}}},"runAfter":{},"else":{"actions":{"Set_variable_5":{"runAfter":{},"metadata":{"operationMetadataId":"228f1d0c-4dbc-4481-aa9f-80a95ed3fb24"},"type":"SetVariable","inputs":{"name":"temp_description","value":"@body('Strip_HTML_4')"}}}},"expression":{"greater":["@int(variables('AtIndex_ClickHere'))",0]},"metadata":{"operationMetadataId":"df213d6c-8410-4f24-bcc4-ceae01ed5a9c"},"type":"If"}}},"expression":{"greater":["@int(variables('AtIndex_PleaseEnsure'))",1]},"metadata":{"operationMetadataId":"906323c7-c065-4f80-b773-5dd6749b20ff"},"type":"If"},"Set_AtIndex_Clickhere_3":{"runAfter":{"Set_AtIndex_Please_Ensure_4":["Succeeded"]},"metadata":{"operationMetadataId":"86acbf40-db90-4365-930f-5d40e4ec9b02"},"type":"SetVariable","inputs":{"name":"AtIndex_ClickHere","value":"@{indexOf(outputs('Strip_HTML_4')?['body'], 'Click here')}"}}},"runAfter":{},"metadata":{"operationMetadataId":"ba53e269-8c5d-4a25-9a1c-869dbd008355"},"type":"Scope"},"Final_Session_Title_4":{"runAfter":{"Event_Description_4":["Succeeded"]},"metadata":{"operationMetadataId":"14918491-dba4-4c9e-81ed-dbcd802305ca"},"type":"Compose","inputs":"@items('VTA_Either_Elem_or_Secondary_Email_4')['SessionTitle']"},"Date_4":{"runAfter":{"Final_Session_Title_4":["Succeeded"]},"metadata":{"operationMetadataId":"fec11bfd-8a75-40f7-8ee3-d2bc579f4ce7"},"type":"Compose","inputs":"@items('VTA_Either_Elem_or_Secondary_Email_4')['Date']"},"Start_4":{"runAfter":{"Date_4":["Succeeded"]},"metadata":{"operationMetadataId":"314bde28-4d88-44c1-819f-8a3c751e411d"},"type":"Compose","inputs":"@items('VTA_Either_Elem_or_Secondary_Email_4')['StartTime']"},"End_4":{"runAfter":{"Start_4":["Succeeded"]},"metadata":{"operationMetadataId":"eec4f54e-2760-45f5-859f-4d417dd62e1f"},"type":"Compose","inputs":"@items('VTA_Either_Elem_or_Secondary_Email_4')['EndTime']"},"Location_4":{"runAfter":{"End_4":["Succeeded"]},"metadata":{"operationMetadataId":"6bd3eed3-c373-4266-afef-356d5bdab6b4"},"type":"Compose","inputs":"@items('VTA_Either_Elem_or_Secondary_Email_4')['Location']"},"Build_the_email_body_4":{"runAfter":{"Location_4":["Succeeded"]},"metadata":{"operationMetadataId":"7d8357f8-9b4a-48ef-b86d-4fb38bfabc67"},"type":"AppendToStringVariable","inputs":{"name":"email_body","value":"<b>Session Title:</b> @{outputs('Final_Session_Title_4')}<br>\n<b>Date:</b>@{outputs('Date_4')} from @{outputs('Start_4')} to @{outputs('End_4')}<br>\n<b>Location:</b> @{outputs('Location_4')}<br>\n<b>Session Description:</b> @{variables('temp_description')}<br><br>\n"}}},"runAfter":{},"metadata":{"operationMetadataId":"3b8d42a6-1289-430c-b889-51307bc4179e"},"type":"Foreach"},"Set_VTA_Both_Email_Body_4":{"runAfter":{"VTA_Either_Elem_or_Secondary_Email_4":["Succeeded"]},"metadata":{"operationMetadataId":"93be874a-2c23-4d20-b172-6d72a49b71d2"},"type":"SetVariable","inputs":{"name":"Cupe_email_body","value":"<b><u>Sessions intended for CUPE staff:</u></b><br><br>\n@{variables('email_body')}<br>"}},"Dump_email_body_4":{"runAfter":{"Set_VTA_Both_Email_Body_4":["Succeeded"]},"metadata":{"operationMetadataId":"6da060fe-b133-4006-9ebd-6daaa4dc9796"},"type":"SetVariable","inputs":{"name":"email_body","value":"@{null}"}}},"runAfter":{"Filter_VTA_and_Either_Elem_or_Secondary_4":["Succeeded"]},"expression":{"greater":["@length(body('Filter_VTA_and_Either_Elem_or_Secondary_4'))",0]},"metadata":{"operationMetadataId":"c628800f-47d2-482a-a351-e236de5f6f03"},"type":"If"}},"runAfter":{"Email_VTA_and_Secondary":["Succeeded"]},"metadata":{"operationMetadataId":"7328577e-d2a6-447c-b61b-c3c70e6d4630"},"type":"Scope"},"Email_Exempt":{"actions":{"Filter_VTA_and_Either_Elem_or_Secondary_5":{"runAfter":{},"metadata":{"operationMetadataId":"e1403a65-2e30-43c2-b785-f0f2fcb29bb6"},"type":"Query","inputs":{"from":"@variables('AllEventDetails')","where":"@equals(item()?['VTA/Cupe/Exempt'], 'Exempt')"}},"Only_build_if_content_2":{"actions":{"VTA_Either_Elem_or_Secondary_Email_5":{"foreach":"@body('Filter_VTA_and_Either_Elem_or_Secondary_5')","actions":{"Event_Description_5":{"actions":{"Descriptions_5":{"runAfter":{},"metadata":{"operationMetadataId":"ee281b6d-39c6-4ee3-aa83-3fae4613e5eb"},"type":"Compose","inputs":"@items('VTA_Either_Elem_or_Secondary_Email_5')['Description']"},"Strip_HTML_5":{"runAfter":{"Descriptions_5":["Succeeded"]},"metadata":{"operationMetadataId":"22cf0500-a764-45b9-b4ef-2aa1ebe86912"},"type":"OpenApiConnection","inputs":{"host":{"apiId":"/providers/Microsoft.PowerApps/apis/shared_conversionservice","connectionName":"shared_conversionservice_1","operationId":"HtmlToText"},"parameters":{"Content":"<p>@{outputs('Descriptions_5')}</p>"},"authentication":"@parameters('$authentication')"}},"Set_AtIndex_Please_Ensure_5":{"runAfter":{"Strip_HTML_5":["Succeeded"]},"metadata":{"operationMetadataId":"b77ad073-10f9-48d8-9a24-e3f64ff96a1b"},"type":"SetVariable","inputs":{"name":"AtIndex_PleaseEnsure","value":"@{indexOf(outputs('Strip_HTML_5')?['body'], 'Please ensure')}"}},"Set_Event_Description_check_if_description_says_please_ensure_5":{"actions":{"Set_temp_description_with_please_ensure_5":{"runAfter":{},"metadata":{"operationMetadataId":"de05faae-6fc3-40fb-87e7-3d8b2dfe04a9"},"type":"SetVariable","inputs":{"name":"temp_description","value":"@{substring(outputs('Strip_HTML_5')?['body'], 0, int(variables('AtIndex_PleaseEnsure')))}"}}},"runAfter":{"Set_AtIndex_Clickhere_4":["Succeeded"]},"else":{"actions":{"Check_click_here_to_join_4":{"actions":{"Set_temp_description_with_please_ensure_8":{"runAfter":{},"metadata":{"operationMetadataId":"de05faae-6fc3-40fb-87e7-3d8b2dfe04a9"},"type":"SetVariable","inputs":{"name":"temp_description","value":"@{substring(outputs('Strip_HTML_5')?['body'], 0, int(variables('AtIndex_ClickHere')))}"}}},"runAfter":{},"else":{"actions":{"Set_variable_6":{"runAfter":{},"metadata":{"operationMetadataId":"228f1d0c-4dbc-4481-aa9f-80a95ed3fb24"},"type":"SetVariable","inputs":{"name":"temp_description","value":"@body('Strip_HTML_5')"}}}},"expression":{"greater":["@int(variables('AtIndex_ClickHere'))",0]},"metadata":{"operationMetadataId":"df213d6c-8410-4f24-bcc4-ceae01ed5a9c"},"type":"If"}}},"expression":{"greater":["@int(variables('AtIndex_PleaseEnsure'))",1]},"metadata":{"operationMetadataId":"906323c7-c065-4f80-b773-5dd6749b20ff"},"type":"If"},"Set_AtIndex_Clickhere_4":{"runAfter":{"Set_AtIndex_Please_Ensure_5":["Succeeded"]},"metadata":{"operationMetadataId":"86acbf40-db90-4365-930f-5d40e4ec9b02"},"type":"SetVariable","inputs":{"name":"AtIndex_ClickHere","value":"@{indexOf(outputs('Strip_HTML_5')?['body'], 'Click here')}"}}},"runAfter":{},"metadata":{"operationMetadataId":"ba53e269-8c5d-4a25-9a1c-869dbd008355"},"type":"Scope"},"Final_Session_Title_5":{"runAfter":{"Event_Description_5":["Succeeded"]},"metadata":{"operationMetadataId":"14918491-dba4-4c9e-81ed-dbcd802305ca"},"type":"Compose","inputs":"@items('VTA_Either_Elem_or_Secondary_Email_5')['SessionTitle']"},"Date_5":{"runAfter":{"Final_Session_Title_5":["Succeeded"]},"metadata":{"operationMetadataId":"fec11bfd-8a75-40f7-8ee3-d2bc579f4ce7"},"type":"Compose","inputs":"@items('VTA_Either_Elem_or_Secondary_Email_5')['Date']"},"Start_5":{"runAfter":{"Date_5":["Succeeded"]},"metadata":{"operationMetadataId":"314bde28-4d88-44c1-819f-8a3c751e411d"},"type":"Compose","inputs":"@items('VTA_Either_Elem_or_Secondary_Email_5')['StartTime']"},"End_5":{"runAfter":{"Start_5":["Succeeded"]},"metadata":{"operationMetadataId":"eec4f54e-2760-45f5-859f-4d417dd62e1f"},"type":"Compose","inputs":"@items('VTA_Either_Elem_or_Secondary_Email_5')['EndTime']"},"Location_5":{"runAfter":{"End_5":["Succeeded"]},"metadata":{"operationMetadataId":"6bd3eed3-c373-4266-afef-356d5bdab6b4"},"type":"Compose","inputs":"@items('VTA_Either_Elem_or_Secondary_Email_5')['Location']"},"Build_the_email_body_5":{"runAfter":{"Location_5":["Succeeded"]},"metadata":{"operationMetadataId":"7d8357f8-9b4a-48ef-b86d-4fb38bfabc67"},"type":"AppendToStringVariable","inputs":{"name":"email_body","value":"<b>Session Title:</b> @{outputs('Final_Session_Title_5')}<br>\n<b>Date:</b>@{outputs('Date_5')} from @{outputs('Start_5')} to @{outputs('End_5')}<br>\n<b>Location:</b> @{outputs('Location_5')}<br>\n<b>Session Description:</b> @{variables('temp_description')}<br><br>\n"}}},"runAfter":{},"metadata":{"operationMetadataId":"3b8d42a6-1289-430c-b889-51307bc4179e"},"type":"Foreach"},"Set_VTA_Both_Email_Body_5":{"runAfter":{"VTA_Either_Elem_or_Secondary_Email_5":["Succeeded"]},"metadata":{"operationMetadataId":"c4b23486-0e0e-466c-be61-849a917e9963"},"type":"SetVariable","inputs":{"name":"Exempt_email_body","value":"<b><u>Sessions for Exempt staff:</u></b><br><br>\n@{variables('email_body')}<br>"}},"Dump_email_body_5":{"runAfter":{"Set_VTA_Both_Email_Body_5":["Succeeded"]},"metadata":{"operationMetadataId":"010b9738-c979-4a87-997e-c8f5a4721f30"},"type":"SetVariable","inputs":{"name":"email_body","value":"@{null}"}}},"runAfter":{"Filter_VTA_and_Either_Elem_or_Secondary_5":["Succeeded"]},"expression":{"greater":["@length(body('Filter_VTA_and_Either_Elem_or_Secondary_5'))",0]},"metadata":{"operationMetadataId":"1de72e20-d7ae-4db0-82ea-8436ccbb188a"},"type":"If"}},"runAfter":{"Email_CUPE":["Succeeded"]},"metadata":{"operationMetadataId":"0afd17da-3969-4b0d-afd3-e32c87b7a6a9"},"type":"Scope"},"Build_Email_Body":{"runAfter":{"Email_Exempt":["Succeeded"]},"metadata":{"operationMetadataId":"f9d79ec4-46df-48c5-9538-49ec8119c519"},"type":"SetVariable","inputs":{"name":"email_body","value":"@{variables('VTA_Both_email_body')}@{variables('VTA_Elem_email_body')}@{variables('VTA_Sec_email_body')}@{variables('Cupe_email_body')}@{variables('Exempt_email_body')}"}},"Show_email_body":{"runAfter":{"Build_Email_Body":["Succeeded"]},"metadata":{"operationMetadataId":"2ff0ce43-635b-4e22-80a8-8a8ca20f2385"},"type":"Compose","inputs":"@variables('email_body')"},"Html_to_text_4":{"runAfter":{"Show_email_body":["Succeeded"]},"metadata":{"operationMetadataId":"d33cd5be-e47a-4889-a2a8-fb06f3b407f4"},"type":"OpenApiConnection","inputs":{"host":{"apiId":"/providers/Microsoft.PowerApps/apis/shared_conversionservice","connectionName":"shared_conversionservice_1","operationId":"HtmlToText"},"parameters":{"Content":"<p>@{outputs('Show_email_body')}</p>"},"authentication":"@parameters('$authentication')"}},"Email_Principals_Upcoming_Events":{"runAfter":{"Html_to_text_4":["Succeeded"]},"metadata":{"operationMetadataId":"5f1f3f54-caf0-40a1-bd5f-7d783e8676e7"},"type":"OpenApiConnection","inputs":{"host":{"apiId":"/providers/Microsoft.PowerApps/apis/shared_office365","connectionName":"shared_office365","operationId":"SendEmailV2"},"parameters":{"emailMessage/To":"@variables('distribution_email')","emailMessage/Subject":"Upcoming Professional Development Workshops","emailMessage/Body":"<p>Hello,<br>\n<br>\nThe following workshops and training sessions are coming up in the two-week window starting this upcoming Monday. Please distribute this list to your staff/team via your WAG at the end of this week, including the link to the registration form for all sessions at the bottom:<br>\n<br>\n<a href=\"https://forms.office.com/r/jt5idxAt2c\"><u><strong>Please fill out this form to register for an upcoming session</strong></u></a><u><strong>.</strong></u><br>\n<br>\n@{variables('email_body')}</p>"},"authentication":"@parameters('$authentication')"}}},"runAfter":{"Initialize_temp_body":["Succeeded"]},"metadata":{"operationMetadataId":"e31e31b0-4d93-4c3b-bee1-8899b238b4ec"},"type":"Scope"},"Send_failure":{"runAfter":{"Try":["Failed"]},"metadata":{"operationMetadataId":"3ec866af-2d9c-47da-b5e1-0c6ce3d3ca12"},"type":"OpenApiConnection","inputs":{"host":{"apiId":"/providers/Microsoft.PowerApps/apis/shared_office365","connectionName":"shared_office365","operationId":"SendEmailV2"},"parameters":{"emailMessage/To":"@variables('robemail')","emailMessage/Subject":"WAG Email Failed","emailMessage/Body":"<p><a href=\"https://make.powerautomate.com/environments/702483b5-bdf3-462f-839e-2891963258a3/flows/shared/3eec015d-6d61-4c51-bba0-de0680b34358/details\">https://make.powerautomate.com/environments/702483b5-bdf3-462f-839e-2891963258a3/flows/shared/3eec015d-6d61-4c51-bba0-de0680b34358/details</a>&nbsp;</p>","emailMessage/Importance":"Normal"},"authentication":"@parameters('$authentication')"}},"Terminate":{"runAfter":{"Send_failure":["Succeeded"]},"metadata":{"operationMetadataId":"728c7927-1cec-43fa-9a00-9ba2b5050ac9"},"type":"Terminate","inputs":{"runStatus":"Failed"}}}},"connectionReferences":{"shared_office365":{"connectionName":"shared-office365-4c827281-feb5-474a-b2d1-4cc884a41c98","source":"Embedded","id":"/providers/Microsoft.PowerApps/apis/shared_office365","tier":"NotSpecified"},"shared_excelonlinebusiness":{"connectionName":"shared-excelonlinebu-d2c3173b-7589-4deb-8008-ba8d8395ae9d","source":"Embedded","id":"/providers/Microsoft.PowerApps/apis/shared_excelonlinebusiness","tier":"NotSpecified"},"shared_conversionservice_1":{"connectionName":"shared-conversionser-5a5f411a-9e87-430d-83c3-f98933896e04","source":"Embedded","id":"/providers/Microsoft.PowerApps/apis/shared_conversionservice","tier":"NotSpecified"}},"flowFailureAlertSubscribed":false,"isManaged":false}}