{"name":"3be7e7ef-182a-486f-af4e-177ed1accdcc","id":"/providers/Microsoft.Flow/flows/3be7e7ef-182a-486f-af4e-177ed1accdcc","type":"Microsoft.Flow/flows","properties":{"apiId":"/providers/Microsoft.PowerApps/apis/shared_logicflows","displayName":"2.0 session registration Send Pam Attendee Report","definition":{"metadata":{"workflowEntityId":null,"processAdvisorMetadata":null,"flowChargedByPaygo":null,"flowclientsuspensionreason":"AllActionsFailingDetected","flowclientsuspensionreasondetails":null,"flowclientsuspensiontime":"2023-06-30T01:41:49.3775859Z","creator":{"id":"17cb4555-7b71-45f4-9323-e54e1f01f7d8","type":"User","tenantId":"b08d0ea5-01df-4053-adc8-4c2a90194428"},"provisioningMethod":"FromDefinition","failureAlertSubscription":true,"clientLastModifiedTime":"2023-06-30T01:41:49.3775859Z"},"$schema":"https://schema.management.azure.com/providers/Microsoft.Logic/schemas/2016-06-01/workflowdefinition.json#","contentVersion":"1.0.0.0","parameters":{"$connections":{"defaultValue":{},"type":"Object"},"$authentication":{"defaultValue":{},"type":"SecureObject"}},"triggers":{"Recurrence":{"recurrence":{"frequency":"Day","interval":1,"startTime":"2022-10-11T07:00:00.000Z"},"metadata":{"operationMetadataId":"b81de5d0-b4b0-43e5-9a7a-27001f4f9072"},"type":"Recurrence"}},"actions":{"Initialize_Session_DAteDTArray":{"runAfter":{"Initialize_three_days_agao_variable":["Succeeded"]},"metadata":{"operationMetadataId":"5ce9de5f-a8b6-4c7c-b3b5-8449730160ea"},"type":"InitializeVariable","inputs":{"variables":[{"name":"Session_DAteDTArray","type":"array"}]}},"Initialize_Session_Dates_to_Send":{"runAfter":{"Initialize_Session_DAteDTArray":["Succeeded"]},"metadata":{"operationMetadataId":"1eb0c70d-846c-44e8-85ef-84996129a7ff"},"type":"InitializeVariable","inputs":{"variables":[{"name":"Session_Dates_to_Send","type":"array"}]}},"Initialize_SessionNames":{"runAfter":{"Initialize_Session_Dates_to_Send":["Succeeded"]},"metadata":{"operationMetadataId":"8f5de2a0-2345-489e-b11d-48e6ca92cc72"},"type":"InitializeVariable","inputs":{"variables":[{"name":"SessionNames","type":"array"}]}},"Initialize_Registrant_ID_Array":{"runAfter":{"Initialize_SessionNames":["Succeeded"]},"metadata":{"operationMetadataId":"325d7192-b81a-41ae-af97-14f393d29ddf"},"type":"InitializeVariable","inputs":{"variables":[{"name":"Registrant_ID_Array","type":"array"}]}},"Initialize_temp_string_variable":{"runAfter":{},"metadata":{"operationMetadataId":"f8f366da-ccac-4f74-9956-3d89a510c516"},"type":"InitializeVariable","inputs":{"variables":[{"name":"string","type":"string"}]}},"Current_time":{"runAfter":{"Initialize_temp_string_variable":["Succeeded"]},"metadata":{"operationMetadataId":"3d84b64e-c777-47a6-9870-b8831db1d282"},"type":"Expression","kind":"CurrentTime","inputs":{}},"Convert_time_zone":{"runAfter":{"Current_time":["Succeeded"]},"metadata":{"operationMetadataId":"f97eecca-784f-4e48-8b69-1851fb19237b"},"type":"Expression","kind":"ConvertTimeZone","inputs":{"baseTime":"@body('Current_time')","formatString":"s","sourceTimeZone":"UTC","destinationTimeZone":"Pacific Standard Time"}},"Initialize_three_days_agao_variable":{"runAfter":{"Convert_time_zone":["Succeeded"]},"metadata":{"operationMetadataId":"bf890140-940b-4bc8-89a3-8cfdac025914"},"type":"InitializeVariable","inputs":{"variables":[{"name":"todayminustwodays","type":"string","value":"@{addDays(body('Convert_time_zone'),-3)}"}]}},"Try_Flow":{"actions":{"Get_Current_Registrants":{"runAfter":{},"metadata":{"operationMetadataId":"3dd81aac-155f-4b94-86ea-b85a765c0a19"},"type":"OpenApiConnection","inputs":{"host":{"apiId":"/providers/Microsoft.PowerApps/apis/shared_sharepointonline","connectionName":"shared_sharepointonline_1","operationId":"GetItems"},"parameters":{"dataset":"https://sd22org.sharepoint.com/sites/ProcessAutomation","table":"f01e29b1-66e0-4d9d-a25d-d5215c507519"},"authentication":"@parameters('$authentication')"}},"Create_DT_Column":{"foreach":"@outputs('Get_Current_Registrants')?['body/value']","actions":{"Set_variable":{"runAfter":{},"metadata":{"operationMetadataId":"6630a1ed-b479-4fb7-8d22-17ec463d4b63"},"type":"SetVariable","inputs":{"name":"string","value":"@items('Create_DT_Column')?['field_5']"}},"Create_DT_Date_column_if_Session_Date_Exists":{"actions":{"IDNum":{"runAfter":{},"metadata":{"operationMetadataId":"15ce95d8-56e6-40ed-bd20-ccbdf26d525a"},"type":"Compose","inputs":"@items('Create_DT_Column')?['ID']"},"Day":{"runAfter":{"IDNum":["Succeeded"]},"metadata":{"operationMetadataId":"435b8f74-b92a-4690-8f62-d3a911f4b789"},"type":"Compose","inputs":"@substring(variables('string'),8,2)"},"Month":{"runAfter":{"Day":["Succeeded"]},"metadata":{"operationMetadataId":"5aa39175-0ba9-41cd-9448-bf85bb157be5"},"type":"Compose","inputs":"@substring(variables('string'), 5, 2)"},"Year":{"runAfter":{"Month":["Succeeded"]},"metadata":{"operationMetadataId":"4660cb28-d4ce-4fce-9903-d055e8416615"},"type":"Compose","inputs":"@substring(variables('string'),0,4)"},"Excel_Date_Integer":{"runAfter":{"Year":["Succeeded"]},"metadata":{"operationMetadataId":"e69314ad-af38-4f7d-a557-3a72d39893f7"},"type":"Compose","inputs":"@div(sub(ticks(formatDateTime(variables('string'), 'yyyy-MM-ddT00:00:00')),599264352000000000),864000000000)"},"Update_item":{"runAfter":{"Excel_Date_Integer":["Succeeded"]},"metadata":{"operationMetadataId":"5357227b-5726-41ff-a089-6d8360d2e5cb"},"type":"OpenApiConnection","inputs":{"host":{"apiId":"/providers/Microsoft.PowerApps/apis/shared_sharepointonline","connectionName":"shared_sharepointonline_1","operationId":"PatchItem"},"parameters":{"dataset":"https://sd22org.sharepoint.com/sites/ProcessAutomation","table":"f01e29b1-66e0-4d9d-a25d-d5215c507519","id":"@int(outputs('IDNum'))","item/field_6":"@outputs('Excel_Date_Integer')"},"authentication":"@parameters('$authentication')"}}},"runAfter":{"Set_variable":["Succeeded"]},"expression":{"greater":["@length(variables('string'))",0]},"metadata":{"operationMetadataId":"d61b1f24-9125-4e66-a31b-59ee54010ee7"},"type":"If"}},"runAfter":{"Get_Current_Registrants":["Succeeded"]},"metadata":{"operationMetadataId":"80fff652-5b2b-4328-a173-865b09c73b37"},"type":"Foreach","runtimeConfiguration":{"concurrency":{"repetitions":1}}},"TwoDaysAgoExcelntDate":{"runAfter":{"Create_DT_Column":["Succeeded"]},"metadata":{"operationMetadataId":"7c4423f4-d373-46c8-93f9-7d9ab10c4de5"},"type":"Compose","inputs":"@div(sub(ticks(formatDateTime(variables('todayminustwodays'), 'yyyy-MM-ddT00:00:00')),599264352000000000),864000000000)"},"Get_Current_Registrants_updated_DT":{"runAfter":{"TwoDaysAgoExcelntDate":["Succeeded"]},"metadata":{"operationMetadataId":"3dd81aac-155f-4b94-86ea-b85a765c0a19"},"type":"OpenApiConnection","inputs":{"host":{"apiId":"/providers/Microsoft.PowerApps/apis/shared_sharepointonline","connectionName":"shared_sharepointonline_1","operationId":"GetItems"},"parameters":{"dataset":"https://sd22org.sharepoint.com/sites/ProcessAutomation","table":"f01e29b1-66e0-4d9d-a25d-d5215c507519"},"authentication":"@parameters('$authentication')"}},"Build_Session_Date_DTArray":{"foreach":"@outputs('Get_Current_Registrants_updated_DT')?['body/value']","actions":{"Append_to_SessionDateDT_Array_if_greater_than_0":{"actions":{"Append_to_array_variable":{"runAfter":{},"metadata":{"operationMetadataId":"13a85a3b-f341-4c5b-9230-fa2d37ef1b63"},"type":"AppendToArrayVariable","inputs":{"name":"Session_DAteDTArray","value":"@items('Build_Session_Date_DTArray')?['field_6']"}}},"runAfter":{"Set_variable_2":["Succeeded"]},"expression":{"greater":["@length(variables('string'))",0]},"metadata":{"operationMetadataId":"e4c89bb9-4f99-4ebd-bbbe-02bb33ce55ee"},"type":"If"},"Set_variable_2":{"runAfter":{},"metadata":{"operationMetadataId":"ade35033-4574-4c01-80f0-c142044c66c1"},"type":"SetVariable","inputs":{"name":"string","value":"@items('Build_Session_Date_DTArray')?['field_6']"}}},"runAfter":{"Get_Current_Registrants_updated_DT":["Succeeded"]},"metadata":{"operationMetadataId":"4c3332c0-3686-4667-8619-dc9e9b667bda"},"type":"Foreach","runtimeConfiguration":{"concurrency":{"repetitions":1}}},"Check_for_sessions_to_send":{"foreach":"@variables('Session_DAteDTArray')","actions":{"Session_Date_Excel_Integer":{"runAfter":{},"metadata":{"operationMetadataId":"534e97eb-74c2-4166-a1c5-9561d87e8c4d"},"type":"Compose","inputs":"@first(split(string(items('Check_for_sessions_to_send')),'.'))"},"Is_session_date_greater_than_two_days_ago":{"actions":{"Append_to_array_variable_2":{"runAfter":{},"metadata":{"operationMetadataId":"5b7c05bf-e04e-4ed0-9c99-af344019e735"},"type":"AppendToArrayVariable","inputs":{"name":"Session_Dates_to_Send","value":"@items('Check_for_sessions_to_send')"}}},"runAfter":{"Session_Date_Excel_Integer":["Succeeded"]},"expression":{"less":["@int(outputs('Session_Date_Excel_Integer'))","@int(outputs('TwoDaysAgoExcelntDate'))"]},"metadata":{"operationMetadataId":"1e494654-5ff1-408d-bc0a-011417105384"},"type":"If"}},"runAfter":{"Build_Session_Date_DTArray":["Succeeded"]},"metadata":{"operationMetadataId":"534acc6d-4396-4d71-9a4f-7aecf34d379d"},"type":"Foreach","runtimeConfiguration":{"concurrency":{"repetitions":1}}},"Show_Session_Dates_to_send":{"runAfter":{"Check_for_sessions_to_send":["Succeeded"]},"metadata":{"operationMetadataId":"9c57d0f5-87ce-4ab0-b4a9-ddcdd888df6c"},"type":"Compose","inputs":"@union(variables('Session_Dates_to_Send'),variables('Session_Dates_to_Send'))"},"Build_list_of_session_names_on_date":{"foreach":"@variables('Session_Dates_to_Send')","actions":{"Set_temp_string_variable":{"runAfter":{},"metadata":{"operationMetadataId":"6a29b04a-dec6-4245-982d-3b5f44efd8bb"},"type":"SetVariable","inputs":{"name":"string","value":"@{items('Build_list_of_session_names_on_date')}"}},"Only_build_name_if_session_date_exists":{"actions":{"Filter_array":{"runAfter":{},"metadata":{"operationMetadataId":"bc79dd71-c024-45c2-bcd2-a4a125fca303"},"type":"Query","inputs":{"from":"@outputs('Get_Current_Registrants_updated_DT')?['body/value']","where":"@equals(item()?['field_6'], variables('string'))"}},"Apply_to_each":{"foreach":"@body('Filter_array')","actions":{"Append_to_array_variable_4":{"runAfter":{},"metadata":{"operationMetadataId":"ba192edb-eb88-4cba-bc36-fff892737d84"},"type":"AppendToArrayVariable","inputs":{"name":"SessionNames","value":"@items('Apply_to_each')?['field_4']"}}},"runAfter":{"Filter_array":["Succeeded"]},"metadata":{"operationMetadataId":"f5b17051-5efa-4c94-81d5-119e7b6055f3"},"type":"Foreach"}},"runAfter":{"Set_temp_string_variable":["Succeeded"]},"expression":{"greater":["@length(variables('string'))",0]},"metadata":{"operationMetadataId":"84f4e112-083a-4c1d-bd9d-f438b9584054"},"type":"If"}},"runAfter":{"Show_Session_Dates_to_send":["Succeeded"]},"metadata":{"operationMetadataId":"0c8df72b-37d1-42c3-b2bc-27c0e0221240"},"type":"Foreach","runtimeConfiguration":{"concurrency":{"repetitions":1}}},"Show_unique_list_of_session_names":{"runAfter":{"Build_list_of_session_names_on_date":["Succeeded"]},"metadata":{"operationMetadataId":"d8a3d5c3-4bf5-445f-af6a-a4d565ac9908"},"type":"Compose","inputs":"@union(variables('SessionNames'),variables('SessionNames'))"},"Make_CSV_files_and_send_to_professionallearning":{"actions":{"only_make_files_if_names_exist":{"foreach":"@outputs('Show_unique_list_of_session_names')","actions":{"Get_registrants_for_session_names_2":{"runAfter":{"Check_if_CUPE_Session_email_to_pam_if_yes":["Succeeded"]},"metadata":{"operationMetadataId":"40149fe5-daf4-4e1d-bd3c-469485a1cf05"},"type":"OpenApiConnection","inputs":{"host":{"apiId":"/providers/Microsoft.PowerApps/apis/shared_sharepointonline","connectionName":"shared_sharepointonline_1","operationId":"GetItems"},"parameters":{"dataset":"https://sd22org.sharepoint.com/sites/ProcessAutomation","table":"f01e29b1-66e0-4d9d-a25d-d5215c507519","$filter":"field_4 eq '@{variables('string')}'"},"authentication":"@parameters('$authentication')"}},"Create_in_Archive_and_Delete_in_Current":{"foreach":"@outputs('Get_registrants_for_session_names_2')?['body/value']","actions":{"Make_in_Archive":{"runAfter":{},"metadata":{"operationMetadataId":"124dc4d9-c249-4f01-98ca-a2d2ff7e7332"},"type":"OpenApiConnection","inputs":{"host":{"apiId":"/providers/Microsoft.PowerApps/apis/shared_sharepointonline","connectionName":"shared_sharepointonline","operationId":"PostItem"},"parameters":{"dataset":"https://sd22org.sharepoint.com/sites/ProcessAutomation","table":"7a01a6e1-96ef-4482-adc0-7f1ce87eef4f","item/Title":"@items('Create_in_Archive_and_Delete_in_Current')?['Title']","item/field_4":"@items('Create_in_Archive_and_Delete_in_Current')?['field_4']","item/field_1":"@items('Create_in_Archive_and_Delete_in_Current')?['field_1']","item/field_2":"@items('Create_in_Archive_and_Delete_in_Current')?['field_2']","item/field_7":"@items('Create_in_Archive_and_Delete_in_Current')?['field_8']","item/field_6":"@items('Create_in_Archive_and_Delete_in_Current')?['field_7']","item/field_3":"@items('Create_in_Archive_and_Delete_in_Current')?['field_3']","item/field_5":"@items('Create_in_Archive_and_Delete_in_Current')?['field_5']","item/field_8":"@items('Create_in_Archive_and_Delete_in_Current')?['field_9']","item/field_9":"@items('Create_in_Archive_and_Delete_in_Current')?['field_10']","item/field_10":"@items('Create_in_Archive_and_Delete_in_Current')?['field_11']","item/field_11":"@items('Create_in_Archive_and_Delete_in_Current')?['field_12']","item/field_12":"@items('Create_in_Archive_and_Delete_in_Current')?['field_13']","item/field_13":"@items('Create_in_Archive_and_Delete_in_Current')?['field_14']","item/field_14":"@items('Create_in_Archive_and_Delete_in_Current')?['field_15']","item/field_15":"@items('Create_in_Archive_and_Delete_in_Current')?['field_16']","item/field_16":"@items('Create_in_Archive_and_Delete_in_Current')?['field_17']","item/field_17":"@items('Create_in_Archive_and_Delete_in_Current')?['field_18']","item/field_18":"@items('Create_in_Archive_and_Delete_in_Current')?['field_19']","item/field_19":"@items('Create_in_Archive_and_Delete_in_Current')?['field_20']","item/field_20":"@items('Create_in_Archive_and_Delete_in_Current')?['field_21']","item/CUPEGLCode":"@items('Create_in_Archive_and_Delete_in_Current')?['field_22']","item/SessionDateDT":"@items('Create_in_Archive_and_Delete_in_Current')?['field_6']"},"authentication":"@parameters('$authentication')"}},"Delete_item_from_current_list":{"runAfter":{"Make_in_Archive":["Succeeded"]},"metadata":{"operationMetadataId":"2ff884a3-caa0-435b-abcf-06ec6389a5a8"},"type":"OpenApiConnection","inputs":{"host":{"apiId":"/providers/Microsoft.PowerApps/apis/shared_sharepointonline","connectionName":"shared_sharepointonline","operationId":"DeleteItem"},"parameters":{"dataset":"https://sd22org.sharepoint.com/sites/ProcessAutomation","table":"f01e29b1-66e0-4d9d-a25d-d5215c507519","id":"@items('Create_in_Archive_and_Delete_in_Current')?['ID']"},"authentication":"@parameters('$authentication')"}}},"runAfter":{"Get_registrants_for_session_names_2":["Succeeded"]},"metadata":{"operationMetadataId":"7e46aae7-3791-4e53-910c-681958ac3f41"},"type":"Foreach"},"Check_if_CUPE_Session_email_to_pam_if_yes":{"actions":{"Filter_for_Session_Name_and_attended_is_Yes":{"runAfter":{},"metadata":{"operationMetadataId":"b35545b2-dddd-4682-8c87-2054ccdb387e"},"type":"Query","inputs":{"from":"@outputs('Get_Current_Registrants_updated_DT')?['body/value']","where":"@and(equals(item()?['field_4'], variables('string')),equals(item()?['field_8'],'Yes'))"}},"Create_the_table_and_send_to_Pam":{"actions":{"Compose":{"runAfter":{},"metadata":{"operationMetadataId":"717b225c-1e9a-4932-b2fb-e7fda3d9d0b0"},"type":"Compose","inputs":"div(sub(ticks(formatDateTime(variables('string'), 'yyyy-MM-ddT00:00:00')),599264352000000000),864000000000)"},"Send_an_email_(V2)":{"runAfter":{"Get_file_content":["Succeeded"]},"metadata":{"operationMetadataId":"9c51a112-a3c7-4e5a-9754-47f394a6466f"},"type":"OpenApiConnection","inputs":{"host":{"apiId":"/providers/Microsoft.PowerApps/apis/shared_office365","connectionName":"shared_office365_1","operationId":"SendEmailV2"},"parameters":{"emailMessage/To":"professionallearning@sd22.bc.ca","emailMessage/Subject":"Attendance Report: @{variables('string')}","emailMessage/Body":"<p>Please find the attendance report attached.<br>\nThanks!</p>","emailMessage/Attachments":[{"Name":"@outputs('Create_file')?['body/Name']","ContentBytes":"@body('Get_file_content')"}],"emailMessage/Importance":"Normal"},"authentication":"@parameters('$authentication')"}},"Get_file_content":{"runAfter":{"Create_file":["Succeeded"]},"metadata":{"operationMetadataId":"f9fbad3b-f579-4f35-a323-03fec1c1f040"},"type":"OpenApiConnection","inputs":{"host":{"apiId":"/providers/Microsoft.PowerApps/apis/shared_onedriveforbusiness","connectionName":"shared_onedriveforbusiness_1","operationId":"GetFileContent"},"parameters":{"id":"@outputs('Create_file')?['body/Id']","inferContentType":true},"authentication":"@parameters('$authentication')"}},"Create_file":{"runAfter":{"Create_CSV_table":["Succeeded"]},"metadata":{"operationMetadataId":"c40c12d6-91d3-4784-92c2-2afb1c0eddab"},"type":"OpenApiConnection","inputs":{"host":{"apiId":"/providers/Microsoft.PowerApps/apis/shared_onedriveforbusiness","connectionName":"shared_onedriveforbusiness_1","operationId":"CreateFile"},"parameters":{"folderPath":"/Automation - Learning Department Session Scheduler Sep 2022/Particpant_Lists_for_Records","name":"@concat(variables('string'),'.csv')","body":"@body('Create_CSV_table')"},"authentication":"@parameters('$authentication')"},"runtimeConfiguration":{"contentTransfer":{"transferMode":"Chunked"}}},"Create_CSV_table":{"runAfter":{"Select":["Succeeded"]},"metadata":{"operationMetadataId":"2cf2552c-0d83-4fe6-b7c3-bdcaf3542e90"},"type":"Table","inputs":{"from":"@body('Select')","format":"CSV"}},"Select":{"runAfter":{"Compose":["Succeeded"]},"metadata":{"operationMetadataId":"fc208e60-b959-4930-bb2d-c10b673c13b0"},"type":"Select","inputs":{"from":"@body('Filter_for_Session_Name_and_attended_is_Yes')","select":{"Attendee_First_Name":"@item()?['field_1']","Attendee_Last_Name":"@item()?['field_2']","Attendee_Email":"@item()?['field_3']","Session_Title":"@item()?['field_4']","Session_Date":"@formatDateTime(item()?['field_5'],'MM/dd/yyyy')","Session_Time":"@formatDateTime(item()['field_5'],'t')","Attendee_Employee_Num":"@item()?['field_12']","TTOC_Requested":"@item()?['field_10']","CUPE_Job_Title_For_CUPE_Attendees":"@item()?['field_14']","Facilitator_Email":"@item()?['field_15']","VTA_GL_Code":"@item()?['field_9']","Session_Location":"@item()?['field_13']","Was_Registration_approved":"@item()?['field_16']","registrant_id":"@item()?['field_11']","Attended":"@item()?['field_7']","CUPE_GL_Code":"@item()?['field_14']"}}}},"runAfter":{"Filter_for_Session_Name_and_attended_is_Yes":["Succeeded"]},"expression":{"greater":["@length(body('Filter_for_Session_Name_and_attended_is_Yes'))",0]},"metadata":{"operationMetadataId":"e001d17c-73a7-43e4-b4ff-8c38abe1bbbb"},"type":"If"}},"runAfter":{"Get_a_row":["Succeeded"]},"expression":{"equals":["@outputs('Get_a_row')?['body/Audience']","CUPE"]},"metadata":{"operationMetadataId":"be41d197-883e-4af4-8aa4-7b9d06f05830"},"type":"If"},"Set_temp_string":{"runAfter":{},"metadata":{"operationMetadataId":"32c7c355-ed2b-4426-bec0-ad7f749b554d"},"type":"SetVariable","inputs":{"name":"string","value":"@{items('only_make_files_if_names_exist')}"}},"Get_a_row":{"runAfter":{"Set_temp_string":["Succeeded"]},"metadata":{"01U7SYO7BFR24Z3HZEJFBKSSGR2WODTQUW":"/Automation - Learning Department Session Scheduler Sep 2022/Learning_Session_Workbook.xlsx","operationMetadataId":"1651c2b0-c483-4f83-82f0-2934895f0de1","tableId":"{EBE8D35C-C4AC-41DD-BB36-46EAC10D8013}"},"type":"OpenApiConnection","inputs":{"host":{"apiId":"/providers/Microsoft.PowerApps/apis/shared_excelonlinebusiness","connectionName":"shared_excelonlinebusiness","operationId":"GetItem"},"parameters":{"source":"me","drive":"b!b9bnH5uZeE2qgfRgwaNHVPMoML1YyrhPrueck9ucTVOBVmZxVdnGRKOamzB3g8K-","file":"01U7SYO7BFR24Z3HZEJFBKSSGR2WODTQUW","table":"{EBE8D35C-C4AC-41DD-BB36-46EAC10D8013}","idColumn":"Subject","id":"@variables('string')"},"authentication":"@parameters('$authentication')"}}},"runAfter":{},"metadata":{"operationMetadataId":"67f0eff7-79e0-4800-9291-1e2952ff7c13"},"type":"Foreach","runtimeConfiguration":{"concurrency":{"repetitions":1}}}},"runAfter":{"Show_unique_list_of_session_names":["Succeeded"]},"expression":{"greater":["@length(outputs('Show_unique_list_of_session_names'))",0]},"metadata":{"operationMetadataId":"aef6c535-be8f-4ac2-987d-c0debd09617b"},"type":"If"}},"runAfter":{"Initialize_robertemail":["Succeeded"]},"metadata":{"operationMetadataId":"671120d9-e35b-48ff-a66b-76c30790622f"},"type":"Scope"},"Send_error_email_to_Robert":{"runAfter":{"Try_Flow":["Failed"]},"metadata":{"operationMetadataId":"c54ff936-df70-4b30-ad51-447a297f7963"},"type":"OpenApiConnection","inputs":{"host":{"apiId":"/providers/Microsoft.PowerApps/apis/shared_office365","connectionName":"shared_office365","operationId":"SendEmailV2"},"parameters":{"emailMessage/To":"@variables('robertemail')","emailMessage/Subject":"Send PLS Attendance Email Failed","emailMessage/Body":"<p><a href=\"https://make.powerautomate.com/environments/702483b5-bdf3-462f-839e-2891963258a3/flows/shared/3be7e7ef-182a-486f-af4e-177ed1accdcc/details\">https://make.powerautomate.com/environments/702483b5-bdf3-462f-839e-2891963258a3/flows/shared/3be7e7ef-182a-486f-af4e-177ed1accdcc/details</a>&nbsp;</p>","emailMessage/Importance":"Normal"},"authentication":"@parameters('$authentication')"}},"Initialize_robertemail":{"runAfter":{"Initialize_Registrant_ID_Array":["Succeeded"]},"metadata":{"operationMetadataId":"a56f1635-cf9f-41ac-8428-085ce98578cd"},"type":"InitializeVariable","inputs":{"variables":[{"name":"robertemail","type":"string","value":"robertroutledge@gmail.com"}]}},"Terminate":{"runAfter":{"Send_error_email_to_Robert":["Succeeded"]},"metadata":{"operationMetadataId":"b5e2be50-2cf5-482a-b8d1-b1ae55de7776"},"type":"Terminate","inputs":{"runStatus":"Failed"}}}},"connectionReferences":{"shared_sharepointonline_1":{"connectionName":"029cea0525f1426890c39085494c7cc9","source":"Embedded","id":"/providers/Microsoft.PowerApps/apis/shared_sharepointonline","tier":"NotSpecified"},"shared_sharepointonline":{"connectionName":"0a89b8e6bf5540299225b64612ea5c66","source":"Embedded","id":"/providers/Microsoft.PowerApps/apis/shared_sharepointonline","tier":"NotSpecified"},"shared_office365_1":{"connectionName":"shared-office365-4c827281-feb5-474a-b2d1-4cc884a41c98","source":"Embedded","id":"/providers/Microsoft.PowerApps/apis/shared_office365","tier":"NotSpecified"},"shared_onedriveforbusiness_1":{"connectionName":"shared-onedriveforbu-a169fcad-dbb6-4053-87b0-84173d8bf5c5","source":"Embedded","id":"/providers/Microsoft.PowerApps/apis/shared_onedriveforbusiness","tier":"NotSpecified"},"shared_excelonlinebusiness":{"connectionName":"shared-excelonlinebu-d2c3173b-7589-4deb-8008-ba8d8395ae9d","source":"Embedded","id":"/providers/Microsoft.PowerApps/apis/shared_excelonlinebusiness","tier":"NotSpecified"},"shared_office365":{"connectionName":"24d47822f76743e38de004e79e8101cb","source":"Embedded","id":"/providers/Microsoft.PowerApps/apis/shared_office365","tier":"NotSpecified"}},"flowFailureAlertSubscribed":false,"isManaged":false}}