{"name":"439c109e-8937-4455-88b5-a858315049c2","id":"/providers/Microsoft.Flow/flows/439c109e-8937-4455-88b5-a858315049c2","type":"Microsoft.Flow/flows","properties":{"apiId":"/providers/Microsoft.PowerApps/apis/shared_logicflows","displayName":"2.0_Learning_Session_Create_Session_in_Calendar_copy","definition":{"metadata":{"workflowEntityId":null,"processAdvisorMetadata":null,"flowChargedByPaygo":null,"flowclientsuspensionreason":"None","flowclientsuspensiontime":null,"flowclientsuspensionreasondetails":null,"creator":{"id":"17cb4555-7b71-45f4-9323-e54e1f01f7d8","type":"User","tenantId":"b08d0ea5-01df-4053-adc8-4c2a90194428"},"provisioningMethod":"FromDefinition","failureAlertSubscription":true,"clientLastModifiedTime":"2023-06-30T01:58:12.1846948Z"},"$schema":"https://schema.management.azure.com/providers/Microsoft.Logic/schemas/2016-06-01/workflowdefinition.json#","contentVersion":"1.0.0.0","parameters":{"$connections":{"defaultValue":{},"type":"Object"},"$authentication":{"defaultValue":{},"type":"SecureObject"}},"triggers":{"When_a_new_response_is_submitted":{"splitOn":"@triggerOutputs()?['body/value']","metadata":{"operationMetadataId":"5947167d-b85e-414b-b5a4-1fa13e2853f5"},"type":"OpenApiConnectionWebhook","inputs":{"host":{"apiId":"/providers/Microsoft.PowerApps/apis/shared_microsoftforms","connectionName":"shared_microsoftforms","operationId":"CreateFormWebhook"},"parameters":{"form_id":"pQ6NsN8BU0CtyEwqkBlEKD0CsIrj-xZLhJIUydfFX2RUMFMyTFRXVFgwNjE2QjdFN1cxQUlWRDFTUCQlQCN0PWcu"},"authentication":"@parameters('$authentication')"}}},"actions":{"Get_response_details":{"runAfter":{},"metadata":{"operationMetadataId":"6fdc7001-4026-4955-b2f0-38faa76e0a35"},"type":"OpenApiConnection","inputs":{"host":{"apiId":"/providers/Microsoft.PowerApps/apis/shared_microsoftforms","connectionName":"shared_microsoftforms","operationId":"GetFormResponseById"},"parameters":{"form_id":"pQ6NsN8BU0CtyEwqkBlEKD0CsIrj-xZLhJIUydfFX2RUMFMyTFRXVFgwNjE2QjdFN1cxQUlWRDFTUCQlQCN0PWcu","response_id":"@triggerOutputs()?['body/resourceData/responseId']"},"authentication":"@parameters('$authentication')"}},"Initialize_formatted_start_time":{"runAfter":{"Initialize_Formal_Event_Name":["Succeeded"]},"metadata":{"operationMetadataId":"e96027e1-142d-43f2-800e-c4a8a1fa99d3"},"type":"InitializeVariable","inputs":{"variables":[{"name":"formatted_start_time","type":"string","value":"@{concat('T',outputs('Get_response_details')?['body/r1d0b5352c8284cc0bc5238865c3c1e96'],':00')}"}]}},"Initialize_session_length":{"runAfter":{"Initialize_initial_start_time":["Succeeded"]},"metadata":{"operationMetadataId":"74910af5-e058-448e-af14-7f9cf2181a9c"},"type":"InitializeVariable","inputs":{"variables":[{"name":"session_length","type":"integer","value":"@int(mul(float(outputs('Get_response_details')?['body/r92110dc42f184fadb96c0b8d098ca9dd']),60))"}]}},"Initialize_formatted_session_date":{"runAfter":{"Initialize_session_length":["Succeeded"]},"metadata":{"operationMetadataId":"c6e6b6cf-9683-418d-8206-c17143cbe6f6"},"type":"InitializeVariable","inputs":{"variables":[{"name":"formatted_session_date","type":"string","value":"@{concat(outputs('Get_response_details')?['body/r4b14343b4a3e4c0396cdc706b5c27915'],variables('formatted_start_time'))}"}]}},"Initialize_session_start_datetime":{"runAfter":{"Initialize_formatted_session_date":["Succeeded"]},"metadata":{"operationMetadataId":"b9739900-cf95-42d7-8abb-d30045c034a5"},"type":"InitializeVariable","inputs":{"variables":[{"name":"session_start_datetime","type":"string","value":"@{addHours(formatDateTime(variables('formatted_session_date'),'u'),0)}"}]}},"Initialize_initial_start_time":{"runAfter":{"Initialize_formatted_start_time":["Succeeded"]},"metadata":{"operationMetadataId":"487a7fb2-2733-4a7b-87ea-6573726d7858"},"type":"InitializeVariable","inputs":{"variables":[{"name":"init_start_time","type":"string","value":"@outputs('Get_response_details')?['body/r1d0b5352c8284cc0bc5238865c3c1e96']"}]}},"Initialize_session_endtime_datetime":{"runAfter":{"Initialize_session_start_datetime":["Succeeded"]},"metadata":{"operationMetadataId":"eca593d7-986c-4429-8728-11da77a91e16"},"type":"InitializeVariable","inputs":{"variables":[{"name":"session_end_time_datetime","type":"string","value":"@{addMinutes(variables('session_start_datetime'),variables('session_length'),'u')}"}]}},"Initialize_Formal_Event_Name":{"runAfter":{"Initialize_TTOC_Spots":["Succeeded"]},"metadata":{"operationMetadataId":"daeb8ecf-7938-44f3-9640-f463761f911c"},"type":"InitializeVariable","inputs":{"variables":[{"name":"Formal_Event_Name","type":"string","value":"@{concat(outputs('Get_response_details')?['body/rb9d8b5146ddc40b28a57d97791490cfb'],' with ',outputs('Get_response_details')?['body/rc51479b1da60441ea2e86c72c30e7367'],', ',variables('short_date_for_title'))}"}]}},"Initialize_Short_Date_for_Title":{"runAfter":{"Initialize_Reg_form_bakcend_url":["Succeeded"]},"metadata":{"operationMetadataId":"5dc45cc0-5616-4af1-bb03-088c3a50d76d"},"type":"InitializeVariable","inputs":{"variables":[{"name":"short_date_for_title","type":"string","value":"@{formatDateTime(outputs('Get_response_details')?['body/r4b14343b4a3e4c0396cdc706b5c27915'],'M')}"}]}},"Initialize_Registration_Link_Cal_descr":{"runAfter":{"Initialize_Teams_URL_2":["Succeeded"]},"metadata":{"operationMetadataId":"3b402d69-bd6a-4753-a330-3dc91e3b1193"},"type":"InitializeVariable","inputs":{"variables":[{"name":"Registration_Link_Cal_descr","type":"string","value":"@{concat('<a href =\"','https://forms.office.com/r/jt5idxAt2c\">','click here to register','</a>')}"}]}},"Initialize_Teams_URL_2":{"runAfter":{"Initialize_session_endtime_datetime":["Succeeded"]},"metadata":{"operationMetadataId":"3b402d69-bd6a-4753-a330-3dc91e3b1193"},"type":"InitializeVariable","inputs":{"variables":[{"name":"Teams_URL","type":"string"}]}},"Initialize_Team_Name":{"runAfter":{"Initialize_Robert_email":["Succeeded"]},"metadata":{"operationMetadataId":"4ec68ce3-f22a-4991-b58f-7605cd397df8"},"type":"InitializeVariable","inputs":{"variables":[{"name":"Team_Name","type":"string","value":"@outputs('Get_response_details')?['body/r4bdcd27559434ca39c536751e6205108']"}]}},"Initialize_calendar_id":{"runAfter":{"Initialize_Registration_Link_Cal_descr":["Succeeded"]},"metadata":{"operationMetadataId":"4d1318ee-fa77-415b-8396-ab540c64dcd1"},"type":"InitializeVariable","inputs":{"variables":[{"name":"calendar_id","type":"string"}]}},"Initialize_CalendarName":{"runAfter":{"Initialize_calendar_id":["Succeeded"]},"metadata":{"operationMetadataId":"921fd818-3f67-47f1-b071-93f7f955069b"},"type":"InitializeVariable","inputs":{"variables":[{"name":"CalendarName","type":"string"}]}},"Initialize_Reg_form_bakcend_url":{"runAfter":{"Initialize_Team_Name":["Succeeded"]},"metadata":{"operationMetadataId":"d827d066-e8ec-4f40-a74a-d4054b2cbf6a"},"type":"InitializeVariable","inputs":{"variables":[{"name":"Reg_form_bakcend_url","type":"string","value":"https://forms.office.com/Pages/DesignPageV2.aspx?subpage=design&FormId=pQ6NsN8BU0CtyEwqkBlEKD0CsIrj-xZLhJIUydfFX2RUQlpYTkwwOFk1UzRYODI2WUk1WVNZSVA2UCQlQCN0PWcu&Token=9034138ba78d4ef1b0db5356197c2f90"}]}},"Initialize_test_email":{"runAfter":{"Get_response_details":["Succeeded"]},"metadata":{"operationMetadataId":"80ffb385-b377-41b9-a159-d49123d8e98a"},"type":"InitializeVariable","inputs":{"variables":[{"name":"test_email","type":"string","value":"professionallearning@sd22.bc.ca"}]}},"Initialize_TTOC_Spots":{"runAfter":{"Initialize_Short_Date_for_Title":["Succeeded"]},"metadata":{"operationMetadataId":"ec4471aa-300f-4a3e-b3a2-17145b3de4a4"},"type":"InitializeVariable","inputs":{"variables":[{"name":"TTOC_Spots","type":"integer"}]}},"Add_to_calendar":{"actions":{"Create_Event_in_Correct_Team_Calendar":{"actions":{"Create_Cal_Appt_Indig":{"actions":{"Create_Calendar_Event_with_URL":{"runAfter":{},"metadata":{"operationMetadataId":"53a19388-ea19-457f-b8dc-23e678a943bc"},"type":"OpenApiConnection","inputs":{"host":{"apiId":"/providers/Microsoft.PowerApps/apis/shared_office365","connectionName":"shared_office365_3","operationId":"V4CalendarPostItem"},"parameters":{"table":"AAMkADM4YTE2OWQ4LTQyMjctNDBiOS04NjA4LWVjMTE3MTcxNDhhYgBGAAAAAADP8prdIMwURIk9lUtu-g1DBwBvBW7PZ5k0RqpiFv_W-ZopAAAAAAEGAABvBW7PZ5k0RqpiFv_W-ZopAAAKKmsKAAA=","item/subject":"@variables('Formal_Event_Name')","item/start":"@outputs('Format_StartTimeDateTime')","item/end":"@outputs('Format_EndTimeDateTime_Final')","item/timeZone":"(UTC-08:00) Pacific Time (US & Canada)","item/requiredAttendees":"@outputs('Get_response_details')?['body/r2bd0de8f54fc4251ab3cf75f87f7d75e']","item/body":"<p>@{outputs('Get_response_details')?['body/rb58c2c4a7d3441679d8cc8a595fbdf3e']}<br>\n<br>\n<br>\n@{variables('Teams_URL')}</p>","item/location":"Microsoft Teams Meeting","item/reminderMinutesBeforeStart":60,"item/isReminderOn":true,"item/responseRequested":false,"item/sensitivity":"normal"},"authentication":"@parameters('$authentication')"}},"Email_Curriculum_Next_Steps_(Online)":{"runAfter":{"Create_Calendar_Event_in_All_Workshop_Cal":["Succeeded"]},"metadata":{"operationMetadataId":"ebccd5a1-8f9f-4098-af60-8d50787c967a"},"type":"OpenApiConnection","inputs":{"host":{"apiId":"/providers/Microsoft.PowerApps/apis/shared_office365","connectionName":"shared_office365","operationId":"SendEmailV2"},"parameters":{"emailMessage/To":"@variables('test_email')","emailMessage/Subject":"Please update Session Registration Form","emailMessage/Body":"<p>Hello,<br>\n<br>\nA new session has been published, please use the following process to update the registration form:</p>\n<ul>\n<li><a href=\"@{variables('Reg_form_bakcend_url')}\">Open this form</a></li>\n  <li>In Question 1 \"Session List\" click \"add Option\"</li>\n  <li>Copy and paste this exact phrase: @{variables('Formal_Event_Name')}</li>\n  <li>The session name in step three must exactly match the name of the session in the Outlook Calendar</li>\n  <li>Delete any options from the \"Session List\" question that have already taken place</li>\n</ul>\n<p>And that's it! Thank you.</p>"},"authentication":"@parameters('$authentication')"}},"Update_Learning_Session_Workbook_2":{"runAfter":{"Email_Curriculum_Next_Steps_(Online)":["Succeeded"]},"metadata":{"01Z444YTBOWLZ7LFQDI5GZTA3HZROI32M3":"/Learning Department Session Scheduler Sep 2022/Learning_Session_Workbook.xlsx","operationMetadataId":"880344ff-1fe3-4560-bb9f-f2b8d4046fc4","tableId":"{EBE8D35C-C4AC-41DD-BB36-46EAC10D8013}","01U7SYO7BFR24Z3HZEJFBKSSGR2WODTQUW":"/Automation - Learning Department Session Scheduler Sep 2022/Learning_Session_Workbook.xlsx"},"type":"OpenApiConnection","inputs":{"host":{"apiId":"/providers/Microsoft.PowerApps/apis/shared_excelonlinebusiness","connectionName":"shared_excelonlinebusiness","operationId":"AddRowV2"},"parameters":{"source":"me","drive":"b!b9bnH5uZeE2qgfRgwaNHVPMoML1YyrhPrueck9ucTVOBVmZxVdnGRKOamzB3g8K-","file":"01U7SYO7BFR24Z3HZEJFBKSSGR2WODTQUW","table":"{EBE8D35C-C4AC-41DD-BB36-46EAC10D8013}","item/Subject":"@outputs('Create_Calendar_Event_with_URL')?['body/subject']","item/Start_time":"@outputs('Create_Calendar_Event_with_URL')?['body/start']","item/End_time":"@outputs('Create_Calendar_Event_with_URL')?['body/end']","item/Start_time_with_time_zone":"@outputs('Create_Calendar_Event_with_URL')?['body/startWithTimeZone']","item/End_time_with_time_zone":"@outputs('Create_Calendar_Event_with_URL')?['body/endWithTimeZone']","item/Body":"@outputs('Create_Calendar_Event_with_URL')?['body/body']","item/Response_type":"@outputs('Create_Calendar_Event_with_URL')?['body/responseType']","item/Response_time":"@outputs('Create_Calendar_Event_with_URL')?['body/responseTime']","item/Id":"@outputs('Create_Calendar_Event_with_URL')?['body/id']","item/Created_time":"@outputs('Create_Calendar_Event_with_URL')?['body/createdDateTime']","item/Last_modified_time":"@outputs('Create_Calendar_Event_with_URL')?['body/lastModifiedDateTime']","item/Organizer":"@outputs('Create_Calendar_Event_with_URL')?['body/organizer']","item/Time_zone":"@outputs('Create_Calendar_Event_with_URL')?['body/timeZone']","item/Series_master_id":"@outputs('Create_Calendar_Event_with_URL')?['body/seriesMasterId']","item/iCalUId":"@outputs('Create_Calendar_Event_with_URL')?['body/iCalUId']","item/Web_link":"@outputs('Create_Calendar_Event_with_URL')?['body/webLink']","item/Required_attendees":"@outputs('Create_Calendar_Event_with_URL')?['body/requiredAttendees']","item/Optional_attendees":"@outputs('Create_Calendar_Event_with_URL')?['body/optionalAttendees']","item/Resource_attendees":"@outputs('Create_Calendar_Event_with_URL')?['body/resourceAttendees']","item/Location":"@outputs('Create_Calendar_Event_with_URL')?['body/location']","item/Importance":"@outputs('Create_Calendar_Event_with_URL')?['body/importance']","item/Recurrence":"@outputs('Create_Calendar_Event_with_URL')?['body/recurrence']","item/Recurrence_end_date":"@outputs('Create_Calendar_Event_with_URL')?['body/recurrenceEnd']","item/Show_as":"@outputs('Create_Calendar_Event_with_URL')?['body/showAs']","item/Sensitivity":"@outputs('Create_Calendar_Event_with_URL')?['body/sensitivity']","item/Is_HTML":"@outputs('Create_Calendar_Event_with_URL')?['body/isHtml']","item/Is_All_day_event":"@outputs('Create_Calendar_Event_with_URL')?['body/isAllDay']","item/Is_reminder_on":"@outputs('Create_Calendar_Event_with_URL')?['body/isReminderOn']","item/Response_requested":"@outputs('Create_Calendar_Event_with_URL')?['body/responseRequested']","item/Number_of_occurences":"@outputs('Create_Calendar_Event_with_URL')?['body/numberOfOccurences']","item/Reminder":"@outputs('Create_Calendar_Event_with_URL')?['body/reminderMinutesBeforeStart']","item/Requested_TTOC_Spots":"@variables('TTOC_Spots')","item/Audience":"@outputs('Get_response_details')?['body/r8bbba772eb8d465e9bad0f5e27c59090']","item/TTOC_GLCode":"@outputs('Get_response_details')?['body/rafeb292de70742e18dfcfddd4080923f']","item/TTOC_Required":"@outputs('Get_response_details')?['body/re7c2f0c839bd44d8850903c204562936']","item/Max_Capacity":"@outputs('Get_response_details')?['body/raaec9535017b42ab93069cc60392fd83']","item/ElemOrSecondary":"@outputs('Get_response_details')?['body/r97cc0c0f728b4b0ba6e3622818d5db73']","item/CUPE_GLCode":"@outputs('Get_response_details')?['body/r4ff78fbc57884f2984ed4a04d6d306cf']"},"authentication":"@parameters('$authentication')"}},"Create_Calendar_Event_in_All_Workshop_Cal":{"runAfter":{"Create_Calendar_Event_with_URL":["Succeeded"]},"metadata":{"operationMetadataId":"53a19388-ea19-457f-b8dc-23e678a943bc"},"type":"OpenApiConnection","inputs":{"host":{"apiId":"/providers/Microsoft.PowerApps/apis/shared_office365","connectionName":"shared_office365_3","operationId":"V4CalendarPostItem"},"parameters":{"table":"AAMkADM4YTE2OWQ4LTQyMjctNDBiOS04NjA4LWVjMTE3MTcxNDhhYgBGAAAAAADP8prdIMwURIk9lUtu-g1DBwBvBW7PZ5k0RqpiFv_W-ZopAAAAAAEGAABvBW7PZ5k0RqpiFv_W-ZopAAAKKmsMAAA=","item/subject":"@variables('Formal_Event_Name')","item/start":"@outputs('Format_StartTimeDateTime')","item/end":"@outputs('Format_EndTimeDateTime_Final')","item/timeZone":"(UTC-08:00) Pacific Time (US & Canada)","item/body":"<p>@{outputs('Get_response_details')?['body/rb58c2c4a7d3441679d8cc8a595fbdf3e']}<br>\n<br>\n<br>\n@{variables('Teams_URL')}</p>","item/location":"Microsoft Teams Meeting","item/reminderMinutesBeforeStart":60,"item/isReminderOn":true,"item/responseRequested":false,"item/sensitivity":"normal"},"authentication":"@parameters('$authentication')"}}},"runAfter":{},"else":{"actions":{"Create_Calendar_Event_Physical_Location":{"runAfter":{},"metadata":{"operationMetadataId":"53a19388-ea19-457f-b8dc-23e678a943bc"},"type":"OpenApiConnection","inputs":{"host":{"apiId":"/providers/Microsoft.PowerApps/apis/shared_office365","connectionName":"shared_office365_3","operationId":"V4CalendarPostItem"},"parameters":{"table":"AAMkADM4YTE2OWQ4LTQyMjctNDBiOS04NjA4LWVjMTE3MTcxNDhhYgBGAAAAAADP8prdIMwURIk9lUtu-g1DBwBvBW7PZ5k0RqpiFv_W-ZopAAAAAAEGAABvBW7PZ5k0RqpiFv_W-ZopAAAKKmsKAAA=","item/subject":"@variables('Formal_Event_Name')","item/start":"@outputs('Format_StartTimeDateTime')","item/end":"@outputs('Format_EndTimeDateTime_Final')","item/timeZone":"(UTC-08:00) Pacific Time (US & Canada)","item/requiredAttendees":"@outputs('Get_response_details')?['body/r2bd0de8f54fc4251ab3cf75f87f7d75e']","item/body":"<p>@{outputs('Get_response_details')?['body/rb58c2c4a7d3441679d8cc8a595fbdf3e']}</p>","item/location":"@outputs('Get_response_details')?['body/r54b90356dfb6496dab57c878b6bfe868']","item/reminderMinutesBeforeStart":60,"item/isReminderOn":true,"item/responseRequested":false},"authentication":"@parameters('$authentication')"}},"Email_Curriculum_Next_Steps_(Physical)":{"runAfter":{"Create_Calendar_Event_Physical_Location_in_all_workshop_cal":["Succeeded"]},"metadata":{"operationMetadataId":"ebccd5a1-8f9f-4098-af60-8d50787c967a"},"type":"OpenApiConnection","inputs":{"host":{"apiId":"/providers/Microsoft.PowerApps/apis/shared_office365","connectionName":"shared_office365","operationId":"SendEmailV2"},"parameters":{"emailMessage/To":"@variables('test_email')","emailMessage/Subject":"Please update Session Registration Form","emailMessage/Body":"<p>Hello,<br>\n<br>\nA new session has been published, please use the following process to update the registration form:</p>\n<ul>\n<li><a href=\"@{variables('Reg_form_bakcend_url')}\">Open this form</a></li>\n  <li>In Question 1 \"Session List\" click \"add Option\"</li>\n  <li>Copy and paste this exact phrase: @{variables('Formal_Event_Name')}</li>\n  <li>The session name in step three must exactly match the name of the session in the Outlook Calendar</li>\n  <li>Delete any options from the \"Session List\" question that have already taken place</li>\n</ul>\n<p>And that's it! Thank you.</p>"},"authentication":"@parameters('$authentication')"}},"Update_Learning_Session_Workbook_3":{"runAfter":{"Email_Curriculum_Next_Steps_(Physical)":["Succeeded"]},"metadata":{"01Z444YTBOWLZ7LFQDI5GZTA3HZROI32M3":"/Learning Department Session Scheduler Sep 2022/Learning_Session_Workbook.xlsx","operationMetadataId":"880344ff-1fe3-4560-bb9f-f2b8d4046fc4","tableId":"{EBE8D35C-C4AC-41DD-BB36-46EAC10D8013}","01U7SYO7BFR24Z3HZEJFBKSSGR2WODTQUW":"/Automation - Learning Department Session Scheduler Sep 2022/Learning_Session_Workbook.xlsx"},"type":"OpenApiConnection","inputs":{"host":{"apiId":"/providers/Microsoft.PowerApps/apis/shared_excelonlinebusiness","connectionName":"shared_excelonlinebusiness","operationId":"AddRowV2"},"parameters":{"source":"me","drive":"b!b9bnH5uZeE2qgfRgwaNHVPMoML1YyrhPrueck9ucTVOBVmZxVdnGRKOamzB3g8K-","file":"01U7SYO7BFR24Z3HZEJFBKSSGR2WODTQUW","table":"{EBE8D35C-C4AC-41DD-BB36-46EAC10D8013}","item/Subject":"@outputs('Create_Calendar_Event_Physical_Location')?['body/subject']","item/Start_time":"@outputs('Create_Calendar_Event_Physical_Location')?['body/start']","item/End_time":"@outputs('Create_Calendar_Event_Physical_Location')?['body/end']","item/Start_time_with_time_zone":"@outputs('Create_Calendar_Event_Physical_Location')?['body/startWithTimeZone']","item/End_time_with_time_zone":"@outputs('Create_Calendar_Event_Physical_Location')?['body/endWithTimeZone']","item/Body":"@outputs('Create_Calendar_Event_Physical_Location')?['body/body']","item/Response_type":"@outputs('Create_Calendar_Event_Physical_Location')?['body/responseType']","item/Response_time":"@outputs('Create_Calendar_Event_Physical_Location')?['body/responseTime']","item/Id":"@outputs('Create_Calendar_Event_Physical_Location')?['body/id']","item/Created_time":"@outputs('Create_Calendar_Event_Physical_Location')?['body/createdDateTime']","item/Last_modified_time":"@outputs('Create_Calendar_Event_Physical_Location')?['body/lastModifiedDateTime']","item/Organizer":"@outputs('Create_Calendar_Event_Physical_Location')?['body/organizer']","item/Time_zone":"@outputs('Create_Calendar_Event_Physical_Location')?['body/timeZone']","item/Series_master_id":"@outputs('Create_Calendar_Event_Physical_Location')?['body/seriesMasterId']","item/iCalUId":"@outputs('Create_Calendar_Event_Physical_Location')?['body/iCalUId']","item/Web_link":"@outputs('Create_Calendar_Event_Physical_Location')?['body/webLink']","item/Required_attendees":"@outputs('Create_Calendar_Event_Physical_Location')?['body/requiredAttendees']","item/Optional_attendees":"@outputs('Create_Calendar_Event_Physical_Location')?['body/optionalAttendees']","item/Resource_attendees":"@outputs('Create_Calendar_Event_Physical_Location')?['body/resourceAttendees']","item/Location":"@outputs('Create_Calendar_Event_Physical_Location')?['body/location']","item/Importance":"@outputs('Create_Calendar_Event_Physical_Location')?['body/importance']","item/Recurrence":"@outputs('Create_Calendar_Event_Physical_Location')?['body/recurrence']","item/Recurrence_end_date":"@outputs('Create_Calendar_Event_Physical_Location')?['body/recurrenceEnd']","item/Show_as":"@outputs('Create_Calendar_Event_Physical_Location')?['body/showAs']","item/Sensitivity":"@outputs('Create_Calendar_Event_Physical_Location')?['body/sensitivity']","item/Is_HTML":"@outputs('Create_Calendar_Event_Physical_Location')?['body/isHtml']","item/Is_All_day_event":"@outputs('Create_Calendar_Event_Physical_Location')?['body/isAllDay']","item/Is_reminder_on":"@outputs('Create_Calendar_Event_Physical_Location')?['body/isReminderOn']","item/Response_requested":"@outputs('Create_Calendar_Event_Physical_Location')?['body/responseRequested']","item/Number_of_occurences":"@outputs('Create_Calendar_Event_Physical_Location')?['body/numberOfOccurences']","item/Reminder":"@outputs('Create_Calendar_Event_Physical_Location')?['body/reminderMinutesBeforeStart']","item/Requested_TTOC_Spots":"@variables('TTOC_Spots')","item/Audience":"@outputs('Get_response_details')?['body/r8bbba772eb8d465e9bad0f5e27c59090']","item/TTOC_GLCode":"@outputs('Get_response_details')?['body/rafeb292de70742e18dfcfddd4080923f']","item/TTOC_Required":"@outputs('Get_response_details')?['body/re7c2f0c839bd44d8850903c204562936']","item/Max_Capacity":"@outputs('Get_response_details')?['body/raaec9535017b42ab93069cc60392fd83']","item/ElemOrSecondary":"@outputs('Get_response_details')?['body/r97cc0c0f728b4b0ba6e3622818d5db73']","item/CUPE_GLCode":"@outputs('Get_response_details')?['body/r4ff78fbc57884f2984ed4a04d6d306cf']"},"authentication":"@parameters('$authentication')"}},"Create_Calendar_Event_Physical_Location_in_all_workshop_cal":{"runAfter":{"Create_Calendar_Event_Physical_Location":["Succeeded"]},"metadata":{"operationMetadataId":"53a19388-ea19-457f-b8dc-23e678a943bc"},"type":"OpenApiConnection","inputs":{"host":{"apiId":"/providers/Microsoft.PowerApps/apis/shared_office365","connectionName":"shared_office365_3","operationId":"V4CalendarPostItem"},"parameters":{"table":"AAMkADM4YTE2OWQ4LTQyMjctNDBiOS04NjA4LWVjMTE3MTcxNDhhYgBGAAAAAADP8prdIMwURIk9lUtu-g1DBwBvBW7PZ5k0RqpiFv_W-ZopAAAAAAEGAABvBW7PZ5k0RqpiFv_W-ZopAAAKKmsMAAA=","item/subject":"@variables('Formal_Event_Name')","item/start":"@outputs('Format_StartTimeDateTime')","item/end":"@outputs('Format_EndTimeDateTime_Final')","item/timeZone":"(UTC-08:00) Pacific Time (US & Canada)","item/body":"<p>@{outputs('Get_response_details')?['body/rb58c2c4a7d3441679d8cc8a595fbdf3e']}</p>","item/location":"@outputs('Get_response_details')?['body/r54b90356dfb6496dab57c878b6bfe868']","item/reminderMinutesBeforeStart":60,"item/isReminderOn":true,"item/responseRequested":false},"authentication":"@parameters('$authentication')"}}}},"expression":{"equals":["@outputs('Get_response_details')?['body/r28026d754c1e4b66ad61bb1d163d4686']","Virtual"]},"metadata":{"operationMetadataId":"2faedb96-a340-4f28-8db9-1dd64910c741"},"type":"If"}},"runAfter":{"Set_TTOC_Spots_for_spreadsheet":["Succeeded"]},"else":{"actions":{"Inclusion_or_Learning":{"actions":{"Create_Cal_Appt_Inclusion":{"actions":{"Create_Calendar_Event_with_URL_2":{"runAfter":{},"metadata":{"operationMetadataId":"53a19388-ea19-457f-b8dc-23e678a943bc"},"type":"OpenApiConnection","inputs":{"host":{"apiId":"/providers/Microsoft.PowerApps/apis/shared_office365","connectionName":"shared_office365_3","operationId":"V4CalendarPostItem"},"parameters":{"table":"AAMkADM4YTE2OWQ4LTQyMjctNDBiOS04NjA4LWVjMTE3MTcxNDhhYgBGAAAAAADP8prdIMwURIk9lUtu-g1DBwBvBW7PZ5k0RqpiFv_W-ZopAAAAAAEGAABvBW7PZ5k0RqpiFv_W-ZopAAAKKmsJAAA=","item/subject":"@variables('Formal_Event_Name')","item/start":"@outputs('Format_StartTimeDateTime')","item/end":"@outputs('Format_EndTimeDateTime_Final')","item/timeZone":"(UTC-08:00) Pacific Time (US & Canada)","item/requiredAttendees":"@outputs('Get_response_details')?['body/r2bd0de8f54fc4251ab3cf75f87f7d75e']","item/body":"<p>@{outputs('Get_response_details')?['body/rb58c2c4a7d3441679d8cc8a595fbdf3e']}<br>\n<br>\n@{variables('Teams_URL')}</p>","item/location":"Microsoft Teams Meeting","item/reminderMinutesBeforeStart":60,"item/isReminderOn":true,"item/responseRequested":false,"item/sensitivity":"normal"},"authentication":"@parameters('$authentication')"}},"Email_Curriculum_Next_Steps_(Online)_2":{"runAfter":{"Create_Calendar_Event_with_URL_in_all_workshop_cal":["Succeeded"]},"metadata":{"operationMetadataId":"ebccd5a1-8f9f-4098-af60-8d50787c967a"},"type":"OpenApiConnection","inputs":{"host":{"apiId":"/providers/Microsoft.PowerApps/apis/shared_office365","connectionName":"shared_office365","operationId":"SendEmailV2"},"parameters":{"emailMessage/To":"@variables('test_email')","emailMessage/Subject":"Please update Session Registration Form","emailMessage/Body":"<p>Hello,<br>\n<br>\nA new session has been published, please use the following process to update the registration form:</p>\n<ul>\n<li><a href=\"@{variables('Reg_form_bakcend_url')}\">Open this form</a></li>\n  <li>In Question 1 \"Session List\" click \"add Option\"</li>\n  <li>Copy and paste this exact phrase: @{variables('Formal_Event_Name')}</li>\n  <li>The session name in step three must exactly match the name of the session in the Outlook Calendar</li>\n  <li>Delete any options from the \"Session List\" question that have already taken place</li>\n</ul>\n<p>And that's it! Thank you.</p>"},"authentication":"@parameters('$authentication')"}},"Update_Learning_Session_Workbook_4":{"runAfter":{"Email_Curriculum_Next_Steps_(Online)_2":["Succeeded"]},"metadata":{"01Z444YTBOWLZ7LFQDI5GZTA3HZROI32M3":"/Learning Department Session Scheduler Sep 2022/Learning_Session_Workbook.xlsx","operationMetadataId":"880344ff-1fe3-4560-bb9f-f2b8d4046fc4","tableId":"{EBE8D35C-C4AC-41DD-BB36-46EAC10D8013}","01U7SYO7BFR24Z3HZEJFBKSSGR2WODTQUW":"/Automation - Learning Department Session Scheduler Sep 2022/Learning_Session_Workbook.xlsx"},"type":"OpenApiConnection","inputs":{"host":{"apiId":"/providers/Microsoft.PowerApps/apis/shared_excelonlinebusiness","connectionName":"shared_excelonlinebusiness","operationId":"AddRowV2"},"parameters":{"source":"me","drive":"b!b9bnH5uZeE2qgfRgwaNHVPMoML1YyrhPrueck9ucTVOBVmZxVdnGRKOamzB3g8K-","file":"01U7SYO7BFR24Z3HZEJFBKSSGR2WODTQUW","table":"{EBE8D35C-C4AC-41DD-BB36-46EAC10D8013}","item/Subject":"@outputs('Create_Calendar_Event_with_URL_2')?['body/subject']","item/Start_time":"@outputs('Create_Calendar_Event_with_URL_2')?['body/start']","item/End_time":"@outputs('Create_Calendar_Event_with_URL_2')?['body/end']","item/Start_time_with_time_zone":"@outputs('Create_Calendar_Event_with_URL_2')?['body/startWithTimeZone']","item/End_time_with_time_zone":"@outputs('Create_Calendar_Event_with_URL_2')?['body/endWithTimeZone']","item/Body":"@outputs('Create_Calendar_Event_with_URL_2')?['body/body']","item/Response_type":"@outputs('Create_Calendar_Event_with_URL_2')?['body/responseType']","item/Response_time":"@outputs('Create_Calendar_Event_with_URL_2')?['body/responseTime']","item/Id":"@outputs('Create_Calendar_Event_with_URL_2')?['body/id']","item/Created_time":"@outputs('Create_Calendar_Event_with_URL_2')?['body/createdDateTime']","item/Last_modified_time":"@outputs('Create_Calendar_Event_with_URL_2')?['body/lastModifiedDateTime']","item/Organizer":"@outputs('Create_Calendar_Event_with_URL_2')?['body/organizer']","item/Time_zone":"@outputs('Create_Calendar_Event_with_URL_2')?['body/timeZone']","item/Series_master_id":"@outputs('Create_Calendar_Event_with_URL_2')?['body/seriesMasterId']","item/iCalUId":"@outputs('Create_Calendar_Event_with_URL_2')?['body/iCalUId']","item/Web_link":"@outputs('Create_Calendar_Event_with_URL_2')?['body/webLink']","item/Required_attendees":"@outputs('Create_Calendar_Event_with_URL_2')?['body/requiredAttendees']","item/Optional_attendees":"@outputs('Create_Calendar_Event_with_URL_2')?['body/optionalAttendees']","item/Resource_attendees":"@outputs('Create_Calendar_Event_with_URL_2')?['body/resourceAttendees']","item/Location":"@outputs('Create_Calendar_Event_with_URL_2')?['body/location']","item/Importance":"@outputs('Create_Calendar_Event_with_URL_2')?['body/importance']","item/Recurrence":"@outputs('Create_Calendar_Event_with_URL_2')?['body/recurrence']","item/Recurrence_end_date":"@outputs('Create_Calendar_Event_with_URL_2')?['body/recurrenceEnd']","item/Show_as":"@outputs('Create_Calendar_Event_with_URL_2')?['body/showAs']","item/Sensitivity":"@outputs('Create_Calendar_Event_with_URL_2')?['body/sensitivity']","item/Is_HTML":"@outputs('Create_Calendar_Event_with_URL_2')?['body/isHtml']","item/Is_All_day_event":"@outputs('Create_Calendar_Event_with_URL_2')?['body/isAllDay']","item/Is_reminder_on":"@outputs('Create_Calendar_Event_with_URL_2')?['body/isReminderOn']","item/Response_requested":"@outputs('Create_Calendar_Event_with_URL_2')?['body/responseRequested']","item/Number_of_occurences":"@outputs('Create_Calendar_Event_with_URL_2')?['body/numberOfOccurences']","item/Reminder":"@outputs('Create_Calendar_Event_with_URL_2')?['body/reminderMinutesBeforeStart']","item/Requested_TTOC_Spots":"@variables('TTOC_Spots')","item/Audience":"@outputs('Get_response_details')?['body/r8bbba772eb8d465e9bad0f5e27c59090']","item/TTOC_GLCode":"@outputs('Get_response_details')?['body/rafeb292de70742e18dfcfddd4080923f']","item/TTOC_Required":"@outputs('Get_response_details')?['body/re7c2f0c839bd44d8850903c204562936']","item/Max_Capacity":"@outputs('Get_response_details')?['body/raaec9535017b42ab93069cc60392fd83']","item/ElemOrSecondary":"@outputs('Get_response_details')?['body/r97cc0c0f728b4b0ba6e3622818d5db73']","item/CUPE_GLCode":"@outputs('Get_response_details')?['body/r4ff78fbc57884f2984ed4a04d6d306cf']"},"authentication":"@parameters('$authentication')"}},"Create_Calendar_Event_with_URL_in_all_workshop_cal":{"runAfter":{"Create_Calendar_Event_with_URL_2":["Succeeded"]},"metadata":{"operationMetadataId":"53a19388-ea19-457f-b8dc-23e678a943bc"},"type":"OpenApiConnection","inputs":{"host":{"apiId":"/providers/Microsoft.PowerApps/apis/shared_office365","connectionName":"shared_office365_3","operationId":"V4CalendarPostItem"},"parameters":{"table":"AAMkADM4YTE2OWQ4LTQyMjctNDBiOS04NjA4LWVjMTE3MTcxNDhhYgBGAAAAAADP8prdIMwURIk9lUtu-g1DBwBvBW7PZ5k0RqpiFv_W-ZopAAAAAAEGAABvBW7PZ5k0RqpiFv_W-ZopAAAKKmsMAAA=","item/subject":"@variables('Formal_Event_Name')","item/start":"@outputs('Format_StartTimeDateTime')","item/end":"@outputs('Format_EndTimeDateTime_Final')","item/timeZone":"(UTC-08:00) Pacific Time (US & Canada)","item/body":"<p>@{outputs('Get_response_details')?['body/rb58c2c4a7d3441679d8cc8a595fbdf3e']}@{variables('Teams_URL')}<br>\n<br>\n@{variables('Teams_URL')}</p>","item/location":"Microsoft Teams Meeting","item/reminderMinutesBeforeStart":60,"item/isReminderOn":true,"item/responseRequested":false,"item/sensitivity":"normal"},"authentication":"@parameters('$authentication')"}}},"runAfter":{},"else":{"actions":{"Create_Calendar_Event_Physical_Location_2":{"runAfter":{},"metadata":{"operationMetadataId":"53a19388-ea19-457f-b8dc-23e678a943bc"},"type":"OpenApiConnection","inputs":{"host":{"apiId":"/providers/Microsoft.PowerApps/apis/shared_office365","connectionName":"shared_office365_3","operationId":"V4CalendarPostItem"},"parameters":{"table":"AAMkADM4YTE2OWQ4LTQyMjctNDBiOS04NjA4LWVjMTE3MTcxNDhhYgBGAAAAAADP8prdIMwURIk9lUtu-g1DBwBvBW7PZ5k0RqpiFv_W-ZopAAAAAAEGAABvBW7PZ5k0RqpiFv_W-ZopAAAKKmsJAAA=","item/subject":"@variables('Formal_Event_Name')","item/start":"@outputs('Format_StartTimeDateTime')","item/end":"@outputs('Format_EndTimeDateTime_Final')","item/timeZone":"(UTC-08:00) Pacific Time (US & Canada)","item/requiredAttendees":"@outputs('Get_response_details')?['body/r2bd0de8f54fc4251ab3cf75f87f7d75e']","item/body":"<p>@{outputs('Get_response_details')?['body/rb58c2c4a7d3441679d8cc8a595fbdf3e']}</p>","item/location":"@outputs('Get_response_details')?['body/r54b90356dfb6496dab57c878b6bfe868']","item/reminderMinutesBeforeStart":60,"item/isReminderOn":true,"item/responseRequested":false},"authentication":"@parameters('$authentication')"}},"Email_Curriculum_Next_Steps_(Physical)_2":{"runAfter":{"Create_Calendar_Event_Physical_Location_4":["Succeeded"]},"metadata":{"operationMetadataId":"ebccd5a1-8f9f-4098-af60-8d50787c967a"},"type":"OpenApiConnection","inputs":{"host":{"apiId":"/providers/Microsoft.PowerApps/apis/shared_office365","connectionName":"shared_office365","operationId":"SendEmailV2"},"parameters":{"emailMessage/To":"@variables('test_email')","emailMessage/Subject":"Please update Session Registration Form","emailMessage/Body":"<p>Hello,<br>\n<br>\nA new session has been published, please use the following process to update the registration form:</p>\n<ul>\n<li><a href=\"@{variables('Reg_form_bakcend_url')}\">Open this form</a></li>\n  <li>In Question 1 \"Session List\" click \"add Option\"</li>\n  <li>Copy and paste this exact phrase: @{variables('Formal_Event_Name')}</li>\n  <li>The session name in step three must exactly match the name of the session in the Outlook Calendar</li>\n  <li>Delete any options from the \"Session List\" question that have already taken place</li>\n</ul>\n<p>And that's it! Thank you.</p>"},"authentication":"@parameters('$authentication')"}},"Update_Learning_Session_Workbook_5":{"runAfter":{"Email_Curriculum_Next_Steps_(Physical)_2":["Succeeded"]},"metadata":{"01Z444YTBOWLZ7LFQDI5GZTA3HZROI32M3":"/Learning Department Session Scheduler Sep 2022/Learning_Session_Workbook.xlsx","operationMetadataId":"880344ff-1fe3-4560-bb9f-f2b8d4046fc4","tableId":"{EBE8D35C-C4AC-41DD-BB36-46EAC10D8013}","01U7SYO7BFR24Z3HZEJFBKSSGR2WODTQUW":"/Automation - Learning Department Session Scheduler Sep 2022/Learning_Session_Workbook.xlsx"},"type":"OpenApiConnection","inputs":{"host":{"apiId":"/providers/Microsoft.PowerApps/apis/shared_excelonlinebusiness","connectionName":"shared_excelonlinebusiness","operationId":"AddRowV2"},"parameters":{"source":"me","drive":"b!b9bnH5uZeE2qgfRgwaNHVPMoML1YyrhPrueck9ucTVOBVmZxVdnGRKOamzB3g8K-","file":"01U7SYO7BFR24Z3HZEJFBKSSGR2WODTQUW","table":"{EBE8D35C-C4AC-41DD-BB36-46EAC10D8013}","item/Subject":"@outputs('Create_Calendar_Event_Physical_Location_2')?['body/subject']","item/Start_time":"@outputs('Create_Calendar_Event_Physical_Location_2')?['body/start']","item/End_time":"@outputs('Create_Calendar_Event_Physical_Location_2')?['body/end']","item/Start_time_with_time_zone":"@outputs('Create_Calendar_Event_Physical_Location_2')?['body/startWithTimeZone']","item/End_time_with_time_zone":"@outputs('Create_Calendar_Event_Physical_Location_2')?['body/endWithTimeZone']","item/Body":"@outputs('Create_Calendar_Event_Physical_Location_2')?['body/body']","item/Response_type":"@outputs('Create_Calendar_Event_Physical_Location_2')?['body/responseType']","item/Response_time":"@outputs('Create_Calendar_Event_Physical_Location_2')?['body/responseTime']","item/Id":"@outputs('Create_Calendar_Event_Physical_Location_2')?['body/id']","item/Created_time":"@outputs('Create_Calendar_Event_Physical_Location_2')?['body/createdDateTime']","item/Last_modified_time":"@outputs('Create_Calendar_Event_Physical_Location_2')?['body/lastModifiedDateTime']","item/Organizer":"@outputs('Create_Calendar_Event_Physical_Location_2')?['body/organizer']","item/Time_zone":"@outputs('Create_Calendar_Event_Physical_Location_2')?['body/timeZone']","item/Series_master_id":"@outputs('Create_Calendar_Event_Physical_Location_2')?['body/seriesMasterId']","item/iCalUId":"@outputs('Create_Calendar_Event_Physical_Location_2')?['body/iCalUId']","item/Web_link":"@outputs('Create_Calendar_Event_Physical_Location_2')?['body/webLink']","item/Required_attendees":"@outputs('Create_Calendar_Event_Physical_Location_2')?['body/requiredAttendees']","item/Optional_attendees":"@outputs('Create_Calendar_Event_Physical_Location_2')?['body/optionalAttendees']","item/Resource_attendees":"@outputs('Create_Calendar_Event_Physical_Location_2')?['body/resourceAttendees']","item/Location":"@outputs('Create_Calendar_Event_Physical_Location_2')?['body/location']","item/Importance":"@outputs('Create_Calendar_Event_Physical_Location_2')?['body/importance']","item/Recurrence":"@outputs('Create_Calendar_Event_Physical_Location_2')?['body/recurrence']","item/Recurrence_end_date":"@outputs('Create_Calendar_Event_Physical_Location_2')?['body/recurrenceEnd']","item/Show_as":"@outputs('Create_Calendar_Event_Physical_Location_2')?['body/showAs']","item/Sensitivity":"@outputs('Create_Calendar_Event_Physical_Location_2')?['body/sensitivity']","item/Is_HTML":"@outputs('Create_Calendar_Event_Physical_Location_2')?['body/isHtml']","item/Is_All_day_event":"@outputs('Create_Calendar_Event_Physical_Location_2')?['body/isAllDay']","item/Is_reminder_on":"@outputs('Create_Calendar_Event_Physical_Location_2')?['body/isReminderOn']","item/Response_requested":"@outputs('Create_Calendar_Event_Physical_Location_2')?['body/responseRequested']","item/Number_of_occurences":"@outputs('Create_Calendar_Event_Physical_Location_2')?['body/numberOfOccurences']","item/Reminder":"@outputs('Create_Calendar_Event_Physical_Location_2')?['body/reminderMinutesBeforeStart']","item/Requested_TTOC_Spots":"@variables('TTOC_Spots')","item/Audience":"@outputs('Get_response_details')?['body/r8bbba772eb8d465e9bad0f5e27c59090']","item/TTOC_GLCode":"@outputs('Get_response_details')?['body/rafeb292de70742e18dfcfddd4080923f']","item/TTOC_Required":"@outputs('Get_response_details')?['body/re7c2f0c839bd44d8850903c204562936']","item/Max_Capacity":"@outputs('Get_response_details')?['body/raaec9535017b42ab93069cc60392fd83']","item/ElemOrSecondary":"@outputs('Get_response_details')?['body/r97cc0c0f728b4b0ba6e3622818d5db73']","item/CUPE_GLCode":"@outputs('Get_response_details')?['body/r4ff78fbc57884f2984ed4a04d6d306cf']"},"authentication":"@parameters('$authentication')"}},"Create_Calendar_Event_Physical_Location_4":{"runAfter":{"Create_Calendar_Event_Physical_Location_2":["Succeeded"]},"metadata":{"operationMetadataId":"53a19388-ea19-457f-b8dc-23e678a943bc"},"type":"OpenApiConnection","inputs":{"host":{"apiId":"/providers/Microsoft.PowerApps/apis/shared_office365","connectionName":"shared_office365_3","operationId":"V4CalendarPostItem"},"parameters":{"table":"AAMkADM4YTE2OWQ4LTQyMjctNDBiOS04NjA4LWVjMTE3MTcxNDhhYgBGAAAAAADP8prdIMwURIk9lUtu-g1DBwBvBW7PZ5k0RqpiFv_W-ZopAAAAAAEGAABvBW7PZ5k0RqpiFv_W-ZopAAAKKmsMAAA=","item/subject":"@variables('Formal_Event_Name')","item/start":"@outputs('Format_StartTimeDateTime')","item/end":"@outputs('Format_EndTimeDateTime_Final')","item/timeZone":"(UTC-08:00) Pacific Time (US & Canada)","item/body":"<p>@{outputs('Get_response_details')?['body/rb58c2c4a7d3441679d8cc8a595fbdf3e']}</p>","item/location":"@outputs('Get_response_details')?['body/r54b90356dfb6496dab57c878b6bfe868']","item/reminderMinutesBeforeStart":60,"item/isReminderOn":true,"item/responseRequested":false},"authentication":"@parameters('$authentication')"}}}},"expression":{"equals":["@outputs('Get_response_details')?['body/r28026d754c1e4b66ad61bb1d163d4686']","Virtual"]},"metadata":{"operationMetadataId":"2faedb96-a340-4f28-8db9-1dd64910c741"},"type":"If"}},"runAfter":{},"else":{"actions":{"Create_Cal_Appt_Learning":{"actions":{"Create_Calendar_Event_with_URL_3":{"runAfter":{},"metadata":{"operationMetadataId":"53a19388-ea19-457f-b8dc-23e678a943bc"},"type":"OpenApiConnection","inputs":{"host":{"apiId":"/providers/Microsoft.PowerApps/apis/shared_office365","connectionName":"shared_office365_3","operationId":"V4CalendarPostItem"},"parameters":{"table":"AAMkADM4YTE2OWQ4LTQyMjctNDBiOS04NjA4LWVjMTE3MTcxNDhhYgBGAAAAAADP8prdIMwURIk9lUtu-g1DBwBvBW7PZ5k0RqpiFv_W-ZopAAAAAAEGAABvBW7PZ5k0RqpiFv_W-ZopAAAKKmsLAAA=","item/subject":"@variables('Formal_Event_Name')","item/start":"@outputs('Format_StartTimeDateTime')","item/end":"@outputs('Format_EndTimeDateTime_Final')","item/timeZone":"(UTC-08:00) Pacific Time (US & Canada)","item/requiredAttendees":"@outputs('Get_response_details')?['body/r2bd0de8f54fc4251ab3cf75f87f7d75e']","item/body":"<p>@{outputs('Get_response_details')?['body/rb58c2c4a7d3441679d8cc8a595fbdf3e']}<br>\n<br>\n@{variables('Teams_URL')}</p>","item/location":"Microsoft Teams Meeting","item/reminderMinutesBeforeStart":60,"item/isReminderOn":true,"item/responseRequested":false,"item/sensitivity":"normal"},"authentication":"@parameters('$authentication')"}},"Email_Curriculum_Next_Steps_(Online)_3":{"runAfter":{"Create_Calendar_Event_with_URL_4":["Succeeded"]},"metadata":{"operationMetadataId":"ebccd5a1-8f9f-4098-af60-8d50787c967a"},"type":"OpenApiConnection","inputs":{"host":{"apiId":"/providers/Microsoft.PowerApps/apis/shared_office365","connectionName":"shared_office365","operationId":"SendEmailV2"},"parameters":{"emailMessage/To":"@variables('test_email')","emailMessage/Subject":"Please update Session Registration Form","emailMessage/Body":"<p>Hello,<br>\n<br>\nA new session has been published, please use the following process to update the registration form:</p>\n<ul>\n<li><a href=\"@{variables('Reg_form_bakcend_url')}\">Open this form</a></li>\n  <li>In Question 1 \"Session List\" click \"add Option\"</li>\n  <li>Copy and paste this exact phrase: @{variables('Formal_Event_Name')}</li>\n  <li>The session name in step three must exactly match the name of the session in the Outlook Calendar</li>\n  <li>Delete any options from the \"Session List\" question that have already taken place</li>\n</ul>\n<p>And that's it! Thank you.</p>"},"authentication":"@parameters('$authentication')"}},"Update_Learning_Session_Workbook_6":{"runAfter":{"Email_Curriculum_Next_Steps_(Online)_3":["Succeeded"]},"metadata":{"01Z444YTBOWLZ7LFQDI5GZTA3HZROI32M3":"/Learning Department Session Scheduler Sep 2022/Learning_Session_Workbook.xlsx","operationMetadataId":"880344ff-1fe3-4560-bb9f-f2b8d4046fc4","tableId":"{EBE8D35C-C4AC-41DD-BB36-46EAC10D8013}","01U7SYO7BFR24Z3HZEJFBKSSGR2WODTQUW":"/Automation - Learning Department Session Scheduler Sep 2022/Learning_Session_Workbook.xlsx"},"type":"OpenApiConnection","inputs":{"host":{"apiId":"/providers/Microsoft.PowerApps/apis/shared_excelonlinebusiness","connectionName":"shared_excelonlinebusiness","operationId":"AddRowV2"},"parameters":{"source":"me","drive":"b!b9bnH5uZeE2qgfRgwaNHVPMoML1YyrhPrueck9ucTVOBVmZxVdnGRKOamzB3g8K-","file":"01U7SYO7BFR24Z3HZEJFBKSSGR2WODTQUW","table":"{EBE8D35C-C4AC-41DD-BB36-46EAC10D8013}","item/Subject":"@outputs('Create_Calendar_Event_with_URL_3')?['body/subject']","item/Start_time":"@outputs('Create_Calendar_Event_with_URL_3')?['body/start']","item/End_time":"@outputs('Create_Calendar_Event_with_URL_3')?['body/end']","item/Start_time_with_time_zone":"@outputs('Create_Calendar_Event_with_URL_3')?['body/startWithTimeZone']","item/End_time_with_time_zone":"@outputs('Create_Calendar_Event_with_URL_3')?['body/endWithTimeZone']","item/Body":"@outputs('Create_Calendar_Event_with_URL_3')?['body/body']","item/Response_type":"@outputs('Create_Calendar_Event_with_URL_3')?['body/responseType']","item/Response_time":"@outputs('Create_Calendar_Event_with_URL_3')?['body/responseTime']","item/Id":"@outputs('Create_Calendar_Event_with_URL_3')?['body/id']","item/Created_time":"@outputs('Create_Calendar_Event_with_URL_3')?['body/createdDateTime']","item/Last_modified_time":"@outputs('Create_Calendar_Event_with_URL_3')?['body/lastModifiedDateTime']","item/Organizer":"@outputs('Create_Calendar_Event_with_URL_3')?['body/organizer']","item/Time_zone":"@outputs('Create_Calendar_Event_with_URL_3')?['body/timeZone']","item/Series_master_id":"@outputs('Create_Calendar_Event_with_URL_3')?['body/seriesMasterId']","item/iCalUId":"@outputs('Create_Calendar_Event_with_URL_3')?['body/iCalUId']","item/Web_link":"@outputs('Create_Calendar_Event_with_URL_3')?['body/webLink']","item/Required_attendees":"@outputs('Create_Calendar_Event_with_URL_3')?['body/requiredAttendees']","item/Optional_attendees":"@outputs('Create_Calendar_Event_with_URL_3')?['body/optionalAttendees']","item/Resource_attendees":"@outputs('Create_Calendar_Event_with_URL_3')?['body/resourceAttendees']","item/Location":"@outputs('Create_Calendar_Event_with_URL_3')?['body/location']","item/Importance":"@outputs('Create_Calendar_Event_with_URL_3')?['body/importance']","item/Recurrence":"@outputs('Create_Calendar_Event_with_URL_3')?['body/recurrence']","item/Recurrence_end_date":"@outputs('Create_Calendar_Event_with_URL_3')?['body/recurrenceEnd']","item/Show_as":"@outputs('Create_Calendar_Event_with_URL_3')?['body/showAs']","item/Sensitivity":"@outputs('Create_Calendar_Event_with_URL_3')?['body/sensitivity']","item/Is_HTML":"@outputs('Create_Calendar_Event_with_URL_3')?['body/isHtml']","item/Is_All_day_event":"@outputs('Create_Calendar_Event_with_URL_3')?['body/isAllDay']","item/Is_reminder_on":"@outputs('Create_Calendar_Event_with_URL_3')?['body/isReminderOn']","item/Response_requested":"@outputs('Create_Calendar_Event_with_URL_3')?['body/responseRequested']","item/Number_of_occurences":"@outputs('Create_Calendar_Event_with_URL_3')?['body/numberOfOccurences']","item/Reminder":"@outputs('Create_Calendar_Event_with_URL_3')?['body/reminderMinutesBeforeStart']","item/Requested_TTOC_Spots":"@variables('TTOC_Spots')","item/Audience":"@outputs('Get_response_details')?['body/r8bbba772eb8d465e9bad0f5e27c59090']","item/TTOC_GLCode":"@outputs('Get_response_details')?['body/rafeb292de70742e18dfcfddd4080923f']","item/TTOC_Required":"@outputs('Get_response_details')?['body/re7c2f0c839bd44d8850903c204562936']","item/Max_Capacity":"@outputs('Get_response_details')?['body/raaec9535017b42ab93069cc60392fd83']","item/ElemOrSecondary":"@outputs('Get_response_details')?['body/r97cc0c0f728b4b0ba6e3622818d5db73']","item/CUPE_GLCode":"@outputs('Get_response_details')?['body/r4ff78fbc57884f2984ed4a04d6d306cf']"},"authentication":"@parameters('$authentication')"}},"Create_Calendar_Event_with_URL_4":{"runAfter":{"Create_Calendar_Event_with_URL_3":["Succeeded"]},"metadata":{"operationMetadataId":"53a19388-ea19-457f-b8dc-23e678a943bc"},"type":"OpenApiConnection","inputs":{"host":{"apiId":"/providers/Microsoft.PowerApps/apis/shared_office365","connectionName":"shared_office365_3","operationId":"V4CalendarPostItem"},"parameters":{"table":"AAMkADM4YTE2OWQ4LTQyMjctNDBiOS04NjA4LWVjMTE3MTcxNDhhYgBGAAAAAADP8prdIMwURIk9lUtu-g1DBwBvBW7PZ5k0RqpiFv_W-ZopAAAAAAEGAABvBW7PZ5k0RqpiFv_W-ZopAAAKKmsMAAA=","item/subject":"@variables('Formal_Event_Name')","item/start":"@outputs('Format_StartTimeDateTime')","item/end":"@outputs('Format_EndTimeDateTime_Final')","item/timeZone":"(UTC-08:00) Pacific Time (US & Canada)","item/body":"<p>@{outputs('Get_response_details')?['body/rb58c2c4a7d3441679d8cc8a595fbdf3e']}<br>\n<br>\n@{variables('Teams_URL')}</p>","item/location":"Microsoft Teams Meeting","item/reminderMinutesBeforeStart":60,"item/isReminderOn":true,"item/responseRequested":false,"item/sensitivity":"normal"},"authentication":"@parameters('$authentication')"}}},"runAfter":{},"else":{"actions":{"Create_Calendar_Event_Physical_Location_3":{"runAfter":{},"metadata":{"operationMetadataId":"53a19388-ea19-457f-b8dc-23e678a943bc"},"type":"OpenApiConnection","inputs":{"host":{"apiId":"/providers/Microsoft.PowerApps/apis/shared_office365","connectionName":"shared_office365_3","operationId":"V4CalendarPostItem"},"parameters":{"table":"AAMkADM4YTE2OWQ4LTQyMjctNDBiOS04NjA4LWVjMTE3MTcxNDhhYgBGAAAAAADP8prdIMwURIk9lUtu-g1DBwBvBW7PZ5k0RqpiFv_W-ZopAAAAAAEGAABvBW7PZ5k0RqpiFv_W-ZopAAAKKmsLAAA=","item/subject":"@variables('Formal_Event_Name')","item/start":"@outputs('Format_StartTimeDateTime')","item/end":"@outputs('Format_EndTimeDateTime_Final')","item/timeZone":"(UTC-08:00) Pacific Time (US & Canada)","item/requiredAttendees":"@outputs('Get_response_details')?['body/r2bd0de8f54fc4251ab3cf75f87f7d75e']","item/body":"<p>@{outputs('Get_response_details')?['body/rb58c2c4a7d3441679d8cc8a595fbdf3e']}</p>","item/location":"@outputs('Get_response_details')?['body/r54b90356dfb6496dab57c878b6bfe868']","item/reminderMinutesBeforeStart":60,"item/isReminderOn":true,"item/responseRequested":false},"authentication":"@parameters('$authentication')"}},"Email_Curriculum_Next_Steps_(Physical)_3":{"runAfter":{"Create_Calendar_Event_Physical_Location_5":["Succeeded"]},"metadata":{"operationMetadataId":"ebccd5a1-8f9f-4098-af60-8d50787c967a"},"type":"OpenApiConnection","inputs":{"host":{"apiId":"/providers/Microsoft.PowerApps/apis/shared_office365","connectionName":"shared_office365","operationId":"SendEmailV2"},"parameters":{"emailMessage/To":"@variables('test_email')","emailMessage/Subject":"Please update Session Registration Form","emailMessage/Body":"<p>Hello,<br>\n<br>\nA new session has been published, please use the following process to update the registration form:</p>\n<ul>\n  <li><a href=\"@{variables('Reg_form_bakcend_url')}\">Open this form</a></li>\n  <li>In Question 1 \"Session List\" click \"add Option\"</li>\n  <li>Copy and paste this exact phrase: @{variables('Formal_Event_Name')}</li>\n  <li>The session name in step three must exactly match the name of the session in the Outlook Calendar</li>\n  <li>Delete any options from the \"Session List\" question that have already taken place</li>\n</ul>\n<p>And that's it! Thank you.</p>"},"authentication":"@parameters('$authentication')"}},"Update_Learning_Session_Workbook_7":{"runAfter":{"Email_Curriculum_Next_Steps_(Physical)_3":["Succeeded"]},"metadata":{"01Z444YTBOWLZ7LFQDI5GZTA3HZROI32M3":"/Learning Department Session Scheduler Sep 2022/Learning_Session_Workbook.xlsx","operationMetadataId":"880344ff-1fe3-4560-bb9f-f2b8d4046fc4","tableId":"{EBE8D35C-C4AC-41DD-BB36-46EAC10D8013}","01U7SYO7BFR24Z3HZEJFBKSSGR2WODTQUW":"/Automation - Learning Department Session Scheduler Sep 2022/Learning_Session_Workbook.xlsx"},"type":"OpenApiConnection","inputs":{"host":{"apiId":"/providers/Microsoft.PowerApps/apis/shared_excelonlinebusiness","connectionName":"shared_excelonlinebusiness","operationId":"AddRowV2"},"parameters":{"source":"me","drive":"b!b9bnH5uZeE2qgfRgwaNHVPMoML1YyrhPrueck9ucTVOBVmZxVdnGRKOamzB3g8K-","file":"01U7SYO7BFR24Z3HZEJFBKSSGR2WODTQUW","table":"{EBE8D35C-C4AC-41DD-BB36-46EAC10D8013}","item/Subject":"@outputs('Create_Calendar_Event_Physical_Location_3')?['body/subject']","item/Start_time":"@outputs('Create_Calendar_Event_Physical_Location_3')?['body/start']","item/End_time":"@outputs('Create_Calendar_Event_Physical_Location_3')?['body/end']","item/Start_time_with_time_zone":"@outputs('Create_Calendar_Event_Physical_Location_3')?['body/startWithTimeZone']","item/End_time_with_time_zone":"@outputs('Create_Calendar_Event_Physical_Location_3')?['body/endWithTimeZone']","item/Body":"@outputs('Create_Calendar_Event_Physical_Location_3')?['body/body']","item/Response_type":"@outputs('Create_Calendar_Event_Physical_Location_3')?['body/responseType']","item/Response_time":"@outputs('Create_Calendar_Event_Physical_Location_3')?['body/responseTime']","item/Id":"@outputs('Create_Calendar_Event_Physical_Location_3')?['body/id']","item/Created_time":"@outputs('Create_Calendar_Event_Physical_Location_3')?['body/createdDateTime']","item/Last_modified_time":"@outputs('Create_Calendar_Event_Physical_Location_3')?['body/lastModifiedDateTime']","item/Organizer":"@outputs('Create_Calendar_Event_Physical_Location_3')?['body/organizer']","item/Time_zone":"@outputs('Create_Calendar_Event_Physical_Location_3')?['body/timeZone']","item/Series_master_id":"@outputs('Create_Calendar_Event_Physical_Location_3')?['body/seriesMasterId']","item/iCalUId":"@outputs('Create_Calendar_Event_Physical_Location_3')?['body/iCalUId']","item/Web_link":"@outputs('Create_Calendar_Event_Physical_Location_3')?['body/webLink']","item/Required_attendees":"@outputs('Create_Calendar_Event_Physical_Location_3')?['body/requiredAttendees']","item/Optional_attendees":"@outputs('Create_Calendar_Event_Physical_Location_3')?['body/optionalAttendees']","item/Resource_attendees":"@outputs('Create_Calendar_Event_Physical_Location_3')?['body/resourceAttendees']","item/Location":"@outputs('Create_Calendar_Event_Physical_Location_3')?['body/location']","item/Importance":"@outputs('Create_Calendar_Event_Physical_Location_3')?['body/importance']","item/Recurrence":"@outputs('Create_Calendar_Event_Physical_Location_3')?['body/recurrence']","item/Recurrence_end_date":"@outputs('Create_Calendar_Event_Physical_Location_3')?['body/recurrenceEnd']","item/Show_as":"@outputs('Create_Calendar_Event_Physical_Location_3')?['body/showAs']","item/Sensitivity":"@outputs('Create_Calendar_Event_Physical_Location_3')?['body/sensitivity']","item/Is_HTML":"@outputs('Create_Calendar_Event_Physical_Location_3')?['body/isHtml']","item/Is_All_day_event":"@outputs('Create_Calendar_Event_Physical_Location_3')?['body/isAllDay']","item/Is_reminder_on":"@outputs('Create_Calendar_Event_Physical_Location_3')?['body/isReminderOn']","item/Response_requested":"@outputs('Create_Calendar_Event_Physical_Location_3')?['body/responseRequested']","item/Number_of_occurences":"@outputs('Create_Calendar_Event_Physical_Location_3')?['body/numberOfOccurences']","item/Reminder":"@outputs('Create_Calendar_Event_Physical_Location_3')?['body/reminderMinutesBeforeStart']","item/Requested_TTOC_Spots":"@variables('TTOC_Spots')","item/Audience":"@outputs('Get_response_details')?['body/r8bbba772eb8d465e9bad0f5e27c59090']","item/TTOC_GLCode":"@outputs('Get_response_details')?['body/rafeb292de70742e18dfcfddd4080923f']","item/TTOC_Required":"@outputs('Get_response_details')?['body/re7c2f0c839bd44d8850903c204562936']","item/Max_Capacity":"@outputs('Get_response_details')?['body/raaec9535017b42ab93069cc60392fd83']","item/ElemOrSecondary":"@outputs('Get_response_details')?['body/r97cc0c0f728b4b0ba6e3622818d5db73']","item/CUPE_GLCode":"@outputs('Get_response_details')?['body/r4ff78fbc57884f2984ed4a04d6d306cf']"},"authentication":"@parameters('$authentication')"}},"Create_Calendar_Event_Physical_Location_5":{"runAfter":{"Create_Calendar_Event_Physical_Location_3":["Succeeded"]},"metadata":{"operationMetadataId":"53a19388-ea19-457f-b8dc-23e678a943bc"},"type":"OpenApiConnection","inputs":{"host":{"apiId":"/providers/Microsoft.PowerApps/apis/shared_office365","connectionName":"shared_office365_3","operationId":"V4CalendarPostItem"},"parameters":{"table":"AAMkADM4YTE2OWQ4LTQyMjctNDBiOS04NjA4LWVjMTE3MTcxNDhhYgBGAAAAAADP8prdIMwURIk9lUtu-g1DBwBvBW7PZ5k0RqpiFv_W-ZopAAAAAAEGAABvBW7PZ5k0RqpiFv_W-ZopAAAKKmsMAAA=","item/subject":"@variables('Formal_Event_Name')","item/start":"@outputs('Format_StartTimeDateTime')","item/end":"@outputs('Format_EndTimeDateTime_Final')","item/timeZone":"(UTC-08:00) Pacific Time (US & Canada)","item/body":"<p>@{outputs('Get_response_details')?['body/rb58c2c4a7d3441679d8cc8a595fbdf3e']}</p>","item/location":"@outputs('Get_response_details')?['body/r54b90356dfb6496dab57c878b6bfe868']","item/reminderMinutesBeforeStart":60,"item/isReminderOn":true,"item/responseRequested":false},"authentication":"@parameters('$authentication')"}}}},"expression":{"equals":["@outputs('Get_response_details')?['body/r28026d754c1e4b66ad61bb1d163d4686']","Virtual"]},"metadata":{"operationMetadataId":"2faedb96-a340-4f28-8db9-1dd64910c741"},"type":"If"}}},"expression":{"equals":["@variables('Team_Name')","Inclusion"]},"metadata":{"operationMetadataId":"27e7b922-8d28-4ac0-bfad-2e41f5378832"},"type":"If"}}},"expression":{"equals":["@variables('Team_Name')","Indigenous Education "]},"metadata":{"operationMetadataId":"96da4d30-c91f-41e0-9e40-277e51ded788"},"type":"If"},"Set_TTOC_Spots_for_spreadsheet":{"actions":{"Set_TTOC_Spots":{"runAfter":{},"metadata":{"operationMetadataId":"147acc51-d133-4b0a-b6bb-a84b92abdd35"},"type":"SetVariable","inputs":{"name":"TTOC_Spots","value":"@int(outputs('Get_response_details')?['body/rbf9dfb6e83924f1bbbedb4821549060d'])"}}},"runAfter":{"Set_Teams_URL_if_it's_a_Virtual_Event":["Succeeded"]},"else":{"actions":{"Set_TTOC_Spots_2":{"runAfter":{},"metadata":{"operationMetadataId":"8ab30b8e-2104-4fc3-af5a-829ae14cef55"},"type":"SetVariable","inputs":{"name":"TTOC_Spots","value":"@int(1000)"}}}},"expression":{"equals":["@outputs('Get_response_details')?['body/re7c2f0c839bd44d8850903c204562936']","Yes"]},"metadata":{"operationMetadataId":"b8d71902-163f-45d4-bd82-12823bf057d6"},"type":"If"},"Set_Teams_URL_if_it's_a_Virtual_Event":{"actions":{"Set_variable":{"runAfter":{},"metadata":{"operationMetadataId":"0c912aa6-2da8-41be-a700-9b880a5c845f"},"type":"SetVariable","inputs":{"name":"Teams_URL","value":"@{concat('<a href =\"', outputs('Get_response_details')?['body/r5a1722cf6e5a4c5e995f714e2e120297'],'\">', 'Click here to join the meeting.</a>')}"}}},"runAfter":{"Format_StartTimeDateTime":["Succeeded"]},"expression":{"equals":["@outputs('Get_response_details')?['body/r28026d754c1e4b66ad61bb1d163d4686']","Virtual"]},"metadata":{"operationMetadataId":"5c5b1972-8668-454f-aca3-37535fcf4ffa"},"type":"If"},"Format_StartTimeDateTime":{"runAfter":{"Format_EndTimeDateTime_Final":["Succeeded"]},"metadata":{"operationMetadataId":"c91be42c-b153-4020-93d4-8cffd12f8482"},"type":"Compose","inputs":"@replace(variables('session_start_datetime'),'Z', '')"},"Format_EndTimeDateTime":{"runAfter":{},"metadata":{"operationMetadataId":"c91be42c-b153-4020-93d4-8cffd12f8482"},"type":"Compose","inputs":"@replace(variables('session_end_time_datetime'), ' ', 'T')"},"Format_EndTimeDateTime_Final":{"runAfter":{"Format_EndTimeDateTime":["Succeeded"]},"metadata":{"operationMetadataId":"c91be42c-b153-4020-93d4-8cffd12f8482"},"type":"Compose","inputs":"@replace(variables('session_end_time_datetime'),'Z','')"}},"runAfter":{"Initialize_CalendarName":["Succeeded"]},"metadata":{"operationMetadataId":"5f49a250-c122-41b3-a929-527fc3ebffd2"},"type":"Scope"},"Error_Email":{"runAfter":{"Add_to_calendar":["Failed"]},"metadata":{"operationMetadataId":"656a01cd-0a7e-42f3-b63d-28ecb28ae9cf"},"type":"OpenApiConnection","inputs":{"host":{"apiId":"/providers/Microsoft.PowerApps/apis/shared_office365","connectionName":"shared_office365","operationId":"SendEmailV2"},"parameters":{"emailMessage/To":"@{variables('Robert_email')};@{variables('test_email')}","emailMessage/Subject":"Failed to Add Session to Calendar and Spreadsheet","emailMessage/Body":"<p>Hello,<br>\n<br>\nThis is an automated email to let you know that your attempt to add a session to a calendar and learning session worksheet has failed. <a href=\"https://make.powerautomate.com/environments/702483b5-bdf3-462f-839e-2891963258a3/flows/shared/650b3eca-ea2b-4f7b-a020-6803a1141fa7\">Please look at the flow</a> &nbsp;to see what the error message is.</p>","emailMessage/Importance":"Normal"},"authentication":"@parameters('$authentication')"}},"Initialize_Robert_email":{"runAfter":{"Initialize_test_email":["Succeeded"]},"metadata":{"operationMetadataId":"1b191e14-6e97-4c05-b53b-36a60cd8d125"},"type":"InitializeVariable","inputs":{"variables":[{"name":"Robert_email","type":"string","value":"robertroutledge@gmail.com"}]}},"Terminate":{"runAfter":{"Error_Email":["Succeeded"]},"metadata":{"operationMetadataId":"ed4f66cd-a2e3-4de0-b4ec-24e203e5d2eb"},"type":"Terminate","inputs":{"runStatus":"Failed"}}}},"connectionReferences":{"shared_microsoftforms":{"connectionName":"0bf25c6f995041a49fed9e7bd9ce77b2","source":"Embedded","id":"/providers/Microsoft.PowerApps/apis/shared_microsoftforms","tier":"NotSpecified"},"shared_office365_3":{"connectionName":"shared-office365-4c827281-feb5-474a-b2d1-4cc884a41c98","source":"Embedded","id":"/providers/Microsoft.PowerApps/apis/shared_office365","tier":"NotSpecified"},"shared_office365":{"connectionName":"24d47822f76743e38de004e79e8101cb","source":"Embedded","id":"/providers/Microsoft.PowerApps/apis/shared_office365","tier":"NotSpecified"},"shared_excelonlinebusiness":{"connectionName":"shared-excelonlinebu-d2c3173b-7589-4deb-8008-ba8d8395ae9d","source":"Embedded","id":"/providers/Microsoft.PowerApps/apis/shared_excelonlinebusiness","tier":"NotSpecified"}},"flowFailureAlertSubscribed":false,"isManaged":false}}