{"schemaVersion":"1.0","appDefinitionTemplate":{"id":"/providers/Microsoft.PowerApps/apps/","type":"Microsoft.PowerApps/apps","tags":{"sp-site-id":"https://sd22org.sharepoint.com/sites/ProcessAutomation","sp-list-id":"a3cb0691-994f-4d99-bac1-d98e617d480c","https://sd22org.sharepoint.com/sites/ProcessAutomation":"a3cb0691-994f-4d99-bac1-d98e617d480c","primaryDeviceWidth":"1136","primaryDeviceHeight":"640","supportsPortrait":"true","supportsLandscape":"true","primaryFormFactor":"Phone","publisherVersion":"3.23024.17","minimumRequiredApiVersion":"2.2.0","hasComponent":"false","hasUnlockedComponent":"false","isUnifiedRootApp":"false","sienaVersion":"20230307T172306Z-3.23024.17.0"},"properties":{"appVersion":"2023-03-07T17:23:06Z","lifeCycleId":"Published","createdByClientVersion":{"major":3,"minor":23024,"build":17,"revision":0,"majorRevision":0,"minorRevision":0},"minClientVersion":{"major":3,"minor":23024,"build":17,"revision":0,"majorRevision":0,"minorRevision":0},"backgroundColor":"RGBA(0,176,240,1)","backgroundImageUri":"/17244574366687494528/N64e8f56c-ee4e-4f7d-858e-d2544c8fdb71-logoSmallFile","displayName":"Development Workshop Attendance Tracking","description":"","commitMessage":"","appUris":{"documentUri":{"value":"/17244574366687494528/Nc6aa8954-f8ad-4cfc-b55d-be40f9d07844-document.msapp"},"imageUris":[],"additionalUris":[]},"createdTime":"0001-01-01T00:00:00Z","lastModifiedTime":"0001-01-01T00:00:00Z","sharedGroupsCount":0,"sharedUsersCount":0,"connectionReferences":{"90aa0fb4-e11e-4323-b3af-6ce5f3069e84":{"id":"03929cac-96cd-466b-917f-3733d53b0d45","displayName":"Excel Online (Business)","iconUri":"https://connectoricons-prod.azureedge.net/u/laborbol/releases/ase-v3/1.0.1622.3200/excelonlinebusiness/icon.png","dataSources":["SchoolNamesandNumbers","Principals","Registrants","sessiondata"],"dependencies":[],"dependents":[],"parameterHints":{},"parameterHintsV2":{},"isOnPremiseConnection":false,"bypassConsent":false,"dataSets":{"groups%252F8ab0023d-fbe3-4b16-8492-14c9d7c55f64,b%2521UW7PYLoMQEOgPy_zl2iTTAMFihnpsGlOhQ0MDrXoQxewp0pbrJ7mTaqtliD8mbdP,01Z444YTEFGFZNC32AYVCI2U6EUNLEV2DI":{"dataSources":{"SchoolNamesandNumbers":{"tableName":"{EB59B102-FA4A-4555-86DD-3929F9F17BFD}"}}},"me,b%2521b9bnH5uZeE2qgfRgwaNHVPMoML1YyrhPrueck9ucTVOBVmZxVdnGRKOamzB3g8K-,01U7SYO7BFR24Z3HZEJFBKSSGR2WODTQUW":{"dataSources":{"Registrants":{"tableName":"{17D59D1B-361D-430A-8913-80864F87403A}"},"sessiondata":{"tableName":"{EBE8D35C-C4AC-41DD-BB36-46EAC10D8013}"}}},"me,b%2521b9bnH5uZeE2qgfRgwaNHVPMoML1YyrhPrueck9ucTVOBVmZxVdnGRKOamzB3g8K-,01U7SYO7C7ASM2LO6U4RHKIPG3XEB6E7GM":{"dataSources":{"Principals":{"tableName":"{3A5BA679-252C-4E81-8346-C152247F726B}"}}}},"apiTier":"Standard","isCustomApiConnection":false,"actions":["providers/PowerPlatform.Governance/Operations/Read"]},"7c140d3a-0954-45cf-a177-43d06e4b6450":{"id":"362cb9b0-0596-49a1-8aa6-9294f67b9d6a","displayName":"SharePoint","iconUri":"https://connectoricons-prod.azureedge.net/u/laborbol/releases/ase-v3/1.0.1622.3200/sharepointonline/icon.png","dataSources":["Learning_Session_Attendance_List","Learning_Session_Registrants_SPList"],"dependencies":[],"dependents":[],"parameterHints":{},"parameterHintsV2":{},"isOnPremiseConnection":false,"bypassConsent":false,"dataSets":{"https://sd22org.sharepoint.com/sites/ProcessAutomation":{"dataSources":{"Learning_Session_Attendance_List":{"tableName":"96a5dd85-8e6c-445e-aa5e-aaef0e324510"},"Learning_Session_Registrants_SPList":{"tableName":"f01e29b1-66e0-4d9d-a25d-d5215c507519"}}}},"apiTier":"Standard","isCustomApiConnection":false,"actions":["providers/PowerPlatform.Governance/Operations/Read","providers/PowerPlatform.Governance/Operations/Write"]}},"databaseReferences":{},"almMode":"Environment","performanceOptimizationEnabled":true,"canConsumeAppPass":true,"enableModernRuntimeMode":false,"executionRestrictions":{"isTeamsOnly":false,"dataLossPreventionEvaluationResult":{"status":"Compliant","lastEvaluationDate":"2022-05-05T00:01:29.3330739Z","violations":[],"violationsByPolicy":[],"violationErrorMessage":"The app uses the following connectors: shared_sharepointonline."}}},"appType":"ClassicCanvasApp","appComponents":[]}}