{"name":"a6a43a22-fc86-440f-bb78-6e27b1b1d5fa","id":"/providers/Microsoft.Flow/flows/a6a43a22-fc86-440f-bb78-6e27b1b1d5fa","type":"Microsoft.Flow/flows","properties":{"apiId":"/providers/Microsoft.PowerApps/apis/shared_logicflows","displayName":"2.0_Participant_Registration_Learning_Team","definition":{"metadata":{"workflowEntityId":null,"processAdvisorMetadata":null,"flowChargedByPaygo":null,"flowclientsuspensionreason":"None","flowclientsuspensiontime":null,"flowclientsuspensionreasondetails":null,"creator":{"id":"17cb4555-7b71-45f4-9323-e54e1f01f7d8","type":"User","tenantId":"b08d0ea5-01df-4053-adc8-4c2a90194428"},"provisioningMethod":"FromDefinition","failureAlertSubscription":true,"clientLastModifiedTime":"2023-06-30T01:48:58.4299309Z"},"$schema":"https://schema.management.azure.com/providers/Microsoft.Logic/schemas/2016-06-01/workflowdefinition.json#","contentVersion":"1.0.0.0","parameters":{"$connections":{"defaultValue":{},"type":"Object"},"$authentication":{"defaultValue":{},"type":"SecureObject"}},"triggers":{"When_a_new_response_is_submitted":{"splitOn":"@triggerOutputs()?['body/value']","metadata":{"operationMetadataId":"80e8ace3-ffc8-4b20-9db1-ad4369e6524c"},"type":"OpenApiConnectionWebhook","inputs":{"host":{"apiId":"/providers/Microsoft.PowerApps/apis/shared_microsoftforms","connectionName":"shared_microsoftforms","operationId":"CreateFormWebhook"},"parameters":{"form_id":"pQ6NsN8BU0CtyEwqkBlEKD0CsIrj-xZLhJIUydfFX2RUQlpYTkwwOFk1UzRYODI2WUk1WVNZSVA2UCQlQCN0PWcu"},"authentication":"@parameters('$authentication')"}}},"actions":{"Get_response_details":{"runAfter":{},"metadata":{"operationMetadataId":"059aaa6e-8d51-472c-8741-8da3e56eed34"},"type":"OpenApiConnection","inputs":{"host":{"apiId":"/providers/Microsoft.PowerApps/apis/shared_microsoftforms","connectionName":"shared_microsoftforms","operationId":"GetFormResponseById"},"parameters":{"form_id":"pQ6NsN8BU0CtyEwqkBlEKD0CsIrj-xZLhJIUydfFX2RUQlpYTkwwOFk1UzRYODI2WUk1WVNZSVA2UCQlQCN0PWcu","response_id":"@triggerOutputs()?['body/resourceData/responseId']"},"authentication":"@parameters('$authentication')"}},"Initialize_variable_Now":{"runAfter":{"Stop_process_if_cancelled":["Succeeded"]},"metadata":{"operationMetadataId":"ad0fe75a-ec25-414c-b47b-3a9fbc843ae7"},"type":"InitializeVariable","inputs":{"variables":[{"name":"Now","type":"string","value":"@{formatDateTime(utcNow(),'O')}"}]}},"Let_registrant_know_registration_failed":{"runAfter":{"Process":["Failed","Skipped"]},"metadata":{"operationMetadataId":"d146dee1-0768-4a43-a96a-b9da4e0ecd3c"},"type":"OpenApiConnection","inputs":{"host":{"apiId":"/providers/Microsoft.PowerApps/apis/shared_office365","connectionName":"shared_office365","operationId":"SendEmailV2"},"parameters":{"emailMessage/To":"@{outputs('Get_response_details')?['body/r4b12e4fe0d95421aaa4a760803e16fc8']};@{variables('professionallearning_email')};@{variables('robertemail')}","emailMessage/Subject":"Session Registration Failed","emailMessage/Body":"<p>Hello,<br>\n<br>\nThis is an automated email to let you know that your attempt to register for @{outputs('Get_response_details')?['body/r49f4945c6e764be9b117797fd68f2ac1']} failed. Please resubmit your registration form after one business day. &nbsp;<br>\n</p>","emailMessage/Importance":"Normal"},"authentication":"@parameters('$authentication')"}},"Terminate":{"runAfter":{"Let_registrant_know_registration_failed":["Succeeded"]},"metadata":{"operationMetadataId":"261790c0-a079-450b-9ac3-b7aa4266dce9"},"type":"Terminate","inputs":{"runStatus":"Failed"}},"Initialize_SessionDate":{"runAfter":{"Initialize_susan_bowen_email":["Succeeded"]},"metadata":{"operationMetadataId":"a7e09365-5bfe-4870-901c-6d40e0fb8414"},"type":"InitializeVariable","inputs":{"variables":[{"name":"SessionDate","type":"string"}]}},"Initialize_SessionTitle":{"runAfter":{"Initialize_SessionDate":["Succeeded"]},"metadata":{"operationMetadataId":"9ff1ac67-d0b3-40b3-b1f5-57731a84d316"},"type":"InitializeVariable","inputs":{"variables":[{"name":"SessionTitle","type":"string"}]}},"Initialize_MaxCapacity":{"runAfter":{"Initialize_SessionTitle":["Succeeded"]},"metadata":{"operationMetadataId":"d644f4a3-8ae9-4b74-93fd-448fd014a0f6"},"type":"InitializeVariable","inputs":{"variables":[{"name":"MaxCapacity","type":"integer"}]}},"Initialize_OptionalAttendeeArray":{"runAfter":{"Initialize_MaxCapacity":["Succeeded"]},"metadata":{"operationMetadataId":"53be1021-7e2b-4750-8a2e-18dae4c97161"},"type":"InitializeVariable","inputs":{"variables":[{"name":"OptionalAttendeeArray","type":"array"}]}},"Initialize_GLCode":{"runAfter":{"Initialize_OptionalAttendeeArray":["Succeeded"]},"metadata":{"operationMetadataId":"0d8ee861-0ec9-43b4-9d4b-022879264fb2"},"type":"InitializeVariable","inputs":{"variables":[{"name":"GLCode","type":"string"}]}},"Initialize_optionalattendeestring":{"runAfter":{"Initialize_GLCode":["Succeeded"]},"metadata":{"operationMetadataId":"881c31dc-d74b-4fa2-81aa-77398bd4cb70"},"type":"InitializeVariable","inputs":{"variables":[{"name":"optionalattendeestring","type":"string"}]}},"Initialize_event_subject":{"runAfter":{"Initialize_optionalattendeestring":["Succeeded"]},"metadata":{"operationMetadataId":"987e78f9-f52f-4016-862a-46bd049fe2c9"},"type":"InitializeVariable","inputs":{"variables":[{"name":"event_subject","type":"string"}]}},"Initialize_Total_TTOC_Spots_Avail":{"runAfter":{"Initialize_event_subject":["Succeeded"]},"metadata":{"operationMetadataId":"c0165a7c-88c4-414b-a492-60ccf53137fd"},"type":"InitializeVariable","inputs":{"variables":[{"name":"Total_TTOC_Spots_Avail","type":"string"}]}},"Initialize_SessionatMaxCapacity":{"runAfter":{"Initialize_TTOC_Spots_Taken":["Succeeded"]},"metadata":{"operationMetadataId":"87150c56-a8b0-449a-bc4b-67c5b13935b1"},"type":"InitializeVariable","inputs":{"variables":[{"name":"SessionatMaxCapacity","type":"string"}]}},"Initialize_TTOC_Spots_Taken":{"runAfter":{"Initialize_Total_TTOC_Spots_Avail":["Succeeded"]},"metadata":{"operationMetadataId":"feecf850-eed8-49af-be82-55e94fadb2a6"},"type":"InitializeVariable","inputs":{"variables":[{"name":"TTOC_Spots_Taken","type":"integer"}]}},"Initialize_TTOC_Spots_Full":{"runAfter":{"Initialize_SessionatMaxCapacity":["Succeeded"]},"metadata":{"operationMetadataId":"5add4526-9cd9-464d-b29b-079ecf95c34c"},"type":"InitializeVariable","inputs":{"variables":[{"name":"TTOC_Spots_Full","type":"string"}]}},"Initialize_TTOC_Required":{"runAfter":{"Initialize_TTOC_Spots_Full":["Succeeded"]},"metadata":{"operationMetadataId":"e57b31ec-2d36-43a6-8471-c5972a7eb43f"},"type":"InitializeVariable","inputs":{"variables":[{"name":"TTOC_Required","type":"string"}]}},"Initialize_CUPE_Attendee":{"runAfter":{"Check_Exempt_and_VTA_for_TTOC_Required":["Succeeded"]},"metadata":{"operationMetadataId":"1e315f10-e37a-4293-90d7-e197cf104b2b"},"type":"InitializeVariable","inputs":{"variables":[{"name":"CUPE_Attendee","type":"string"}]}},"Check_Exempt_and_VTA_for_TTOC_Required":{"actions":{"Set_TTOC_Required":{"runAfter":{},"metadata":{"operationMetadataId":"07c33052-1dff-438b-baf3-4dc8ee9a3c76"},"type":"SetVariable","inputs":{"name":"TTOC_Required","value":"yes"}}},"runAfter":{"Initialize_TTOC_Required":["Succeeded"]},"else":{"actions":{"Set_TTOC_Required_2":{"runAfter":{},"metadata":{"operationMetadataId":"07c33052-1dff-438b-baf3-4dc8ee9a3c76"},"type":"SetVariable","inputs":{"name":"TTOC_Required","value":"no"}}}},"expression":{"or":[{"equals":["@outputs('Get_response_details')?['body/r449ce6db78e14aa6956ac86adcf308f8']","Yes"]},{"equals":["@outputs('Get_response_details')?['body/rd531b6e909bc4d18833c0e532f2a3e6d']","Yes"]}]},"metadata":{"operationMetadataId":"558b3df8-0ac9-4652-ad1f-f0e6872b5841"},"type":"If"},"Check_if_CUPE_Attendee":{"actions":{"Set_CUPE_Attendee":{"runAfter":{},"metadata":{"operationMetadataId":"9c6a97c2-a1b6-4d76-97ab-64e9b08c90e0"},"type":"SetVariable","inputs":{"name":"CUPE_Attendee","value":"yes"}}},"runAfter":{"Initialize_CUPE_Attendee":["Succeeded"]},"expression":{"equals":["@outputs('Get_response_details')?['body/r599344dfe3394589b8079086dc648653']","CUPE"]},"metadata":{"operationMetadataId":"1f3c5261-da78-4019-a4c1-af2a0f0d3a1e"},"type":"If"},"Initialize_Worksite":{"runAfter":{"Check_if_CUPE_Attendee":["Succeeded"]},"metadata":{"operationMetadataId":"f0c5a873-1579-4fba-a9c9-bcfa97d55627"},"type":"InitializeVariable","inputs":{"variables":[{"name":"Worksite","type":"string","value":"@outputs('Get_response_details')?['body/r52f1a1962c474a2499e879eca299b787']"}]}},"Initialize_Subject_Taught":{"runAfter":{"set_approveer_email_if_TTOC_required_and_CUPE_supervisor_email":["Succeeded"]},"metadata":{"operationMetadataId":"fbca7e46-4143-4602-a7ca-f85e3b4bbc4c"},"type":"InitializeVariable","inputs":{"variables":[{"name":"Subject_Taught","type":"string"}]}},"Set_Subject_Taught":{"actions":{"Set_VTA_or_Exempt_Subject_Taught":{"actions":{"Set_variable_3":{"runAfter":{},"metadata":{"operationMetadataId":"16b79c79-2119-4c50-87e9-d3ee268bf489"},"type":"SetVariable","inputs":{"name":"Subject_Taught","value":"@outputs('Get_response_details')?['body/r2bf422a7372c4e73a935d3adb597a996']"}}},"runAfter":{},"else":{"actions":{"Set_variable_4":{"runAfter":{},"metadata":{"operationMetadataId":"edde1627-c4f5-439f-9057-2475a7418fa9"},"type":"SetVariable","inputs":{"name":"Subject_Taught","value":"@outputs('Get_response_details')?['body/rf1126394709d4af4b2a2db22c92b7d05']"}}}},"expression":{"equals":["@outputs('Get_response_details')?['body/r599344dfe3394589b8079086dc648653']","VTA"]},"metadata":{"operationMetadataId":"89b100b1-ea11-43aa-bdb9-71e1ade36609"},"type":"If"}},"runAfter":{"Initialize_Subject_Taught":["Succeeded"]},"expression":{"or":[{"greater":["@length(outputs('Get_response_details')?['body/rf1126394709d4af4b2a2db22c92b7d05'])",0]},{"greater":["@length(outputs('Get_response_details')?['body/r2bf422a7372c4e73a935d3adb597a996'])",0]}]},"metadata":{"operationMetadataId":"08d8617a-8160-4b52-944d-44a74216bc54"},"type":"If"},"Initialize_StartTime":{"runAfter":{"Set_Subject_Taught":["Succeeded"]},"metadata":{"operationMetadataId":"629c5cb8-2e1f-4075-bcfa-c00468042a94"},"type":"InitializeVariable","inputs":{"variables":[{"name":"StartTime","type":"string"}]}},"Initialize_EndTime":{"runAfter":{"Initialize_StartTime":["Succeeded"]},"metadata":{"operationMetadataId":"53f38958-bb71-49b1-b894-bc7b989c973e"},"type":"InitializeVariable","inputs":{"variables":[{"name":"Endtime","type":"string"}]}},"Initialize_admin_approves":{"runAfter":{"Initialize_EndTime":["Succeeded"]},"metadata":{"operationMetadataId":"7ca7178d-4bb3-4ca3-bdf3-5b18a9613b0a"},"type":"InitializeVariable","inputs":{"variables":[{"name":"admin_approves","type":"string"}]}},"Initialize_HR_Approves":{"runAfter":{"Initialize_admin_approves":["Succeeded"]},"metadata":{"operationMetadataId":"b21b5ba3-db0a-4795-b444-851386154666"},"type":"InitializeVariable","inputs":{"variables":[{"name":"HR_Approves","type":"string"}]}},"Initialize_dottocauth":{"runAfter":{"Initialize_susan_bowen_approval":["Succeeded"]},"metadata":{"operationMetadataId":"96ffccc0-9054-48df-a093-11b14fb46836"},"type":"InitializeVariable","inputs":{"variables":[{"name":"dottocauth","type":"string"}]}},"Initialize_PLSApproves":{"runAfter":{"Initialize_dottocauth":["Succeeded"]},"metadata":{"operationMetadataId":"ea8ae02f-8cdc-40b7-8fda-e8a6594aa091"},"type":"InitializeVariable","inputs":{"variables":[{"name":"PLSApproves","type":"string"}]}},"Initialize_PowerAppDateTime":{"runAfter":{"Initialize_variable_Now":["Succeeded"]},"metadata":{"operationMetadataId":"021dc9d0-0371-45ee-b359-5bde6a3741fb"},"type":"InitializeVariable","inputs":{"variables":[{"name":"PowerAppDateTime","type":"string"}]}},"Initialize_GradeTaught":{"runAfter":{"Initialize_robertemail":["Succeeded"]},"metadata":{"operationMetadataId":"1599bff6-ec7a-44f6-a974-a2484da044a8"},"type":"InitializeVariable","inputs":{"variables":[{"name":"GradeTaught","type":"string"}]}},"Set_Grade_Taught":{"actions":{"Set_variable_8":{"runAfter":{},"metadata":{"operationMetadataId":"f813424d-34a1-4932-8da9-948fe57fd3ac"},"type":"SetVariable","inputs":{"name":"GradeTaught","value":"@{substring(string(outputs('Get_response_details')?['body/re79d095aaa864f1da551142f9ff50536']),2,1)}"}}},"runAfter":{"Initialize_GradeTaught":["Succeeded"]},"expression":{"greater":["@length(outputs('Get_response_details')?['body/re79d095aaa864f1da551142f9ff50536'])",0]},"metadata":{"operationMetadataId":"595a4165-443f-4f43-8b12-b6467952897c"},"type":"If"},"set_approveer_email_if_TTOC_required_and_CUPE_supervisor_email":{"actions":{"Set_school_administrator_email":{"actions":{"Set_variable":{"runAfter":{},"metadata":{"operationMetadataId":"8078adda-0090-4405-84ab-8a30917c94fc"},"type":"SetVariable","inputs":{"name":"school_administrator_email","value":"@outputs('Get_response_details')?['body/re4932dc8aaf14f88917df2fac8a2bdf6']"}}},"runAfter":{},"else":{"actions":{"Get_a_row":{"runAfter":{},"metadata":{"01U7SYO7C7ASM2LO6U4RHKIPG3XEB6E7GM":"/See Saw and Spaces Data/Form Data/Principals.xlsx","operationMetadataId":"0232c2f5-dcca-42ec-8fee-3ef267e924cf","tableId":"{3A5BA679-252C-4E81-8346-C152247F726B}"},"type":"OpenApiConnection","inputs":{"host":{"apiId":"/providers/Microsoft.PowerApps/apis/shared_excelonlinebusiness","connectionName":"shared_excelonlinebusiness","operationId":"GetItem"},"parameters":{"source":"me","drive":"b!b9bnH5uZeE2qgfRgwaNHVPMoML1YyrhPrueck9ucTVOBVmZxVdnGRKOamzB3g8K-","file":"01U7SYO7C7ASM2LO6U4RHKIPG3XEB6E7GM","table":"{3A5BA679-252C-4E81-8346-C152247F726B}","idColumn":"School Name","id":"@outputs('Get_response_details')?['body/r52f1a1962c474a2499e879eca299b787']"},"authentication":"@parameters('$authentication')"}},"Set_variable_2":{"runAfter":{"Get_a_row":["Succeeded"]},"metadata":{"operationMetadataId":"d946a103-8a10-4f12-8d75-8b39f4ec1a51"},"type":"SetVariable","inputs":{"name":"school_administrator_email","value":"@outputs('Get_a_row')?['body/Principal_Email']"}}}},"expression":{"or":[{"contains":["@variables('Worksite')","Other"]},{"equals":["@variables('Worksite')","District Office"]}]},"metadata":{"operationMetadataId":"3a81b7cf-b3fb-4499-b217-37e8344245c8"},"type":"If"}},"runAfter":{"Initialize_Worksite":["Succeeded"]},"expression":{"equals":["@variables('TTOC_Required')","yes"]},"metadata":{"operationMetadataId":"19c2e74b-6fcf-44d7-8adc-1e0af31661ae"},"type":"If"},"Initialize_confirmation_email_sent_registrant":{"runAfter":{"Initialize_PLSApproves":["Succeeded"]},"metadata":{"operationMetadataId":"1f7b29c2-0044-491d-a2e0-8509964da391"},"type":"InitializeVariable","inputs":{"variables":[{"name":"confirmation_email_sent_registrant","type":"string"}]}},"Initialize_school_administrator_email":{"runAfter":{"Initialize_professionallearning_email":["Succeeded"]},"metadata":{"operationMetadataId":"7b96e4f9-e95d-48c2-a51a-5ddb06f55909"},"type":"InitializeVariable","inputs":{"variables":[{"name":"school_administrator_email","type":"string"}]}},"Initialize_susan_bowen_email":{"runAfter":{"Initialize_school_administrator_email":["Succeeded"]},"metadata":{"operationMetadataId":"6ff894c8-076e-4390-84e1-94883ee2c60d"},"type":"InitializeVariable","inputs":{"variables":[{"name":"susan_bowen_email","type":"string","value":"sbowen@sd22.bc.ca"}]}},"Initialize_susan_bowen_approval":{"runAfter":{"Initialize_HR_Approves":["Succeeded"]},"metadata":{"operationMetadataId":"236a10b7-7306-4be5-ad35-8a798d7311d2"},"type":"InitializeVariable","inputs":{"variables":[{"name":"susan_bowen_approval","type":"string","value":"professionallearning@sd22.bc.ca"}]}},"Initialize_formatted_Session_name":{"runAfter":{"Set_Grade_Taught":["Succeeded"]},"metadata":{"operationMetadataId":"55fdabb1-7bfe-46e7-9bc2-afd21567c67a"},"type":"InitializeVariable","inputs":{"variables":[{"name":"formatted_Session_name","type":"string"}]}},"Format_Session_Name":{"actions":{"Compose_3":{"runAfter":{},"metadata":{"operationMetadataId":"b1607f57-5eb0-4f97-86bf-e064aa0bb4f9"},"type":"Compose","inputs":"@outputs('Get_response_details')?['body/r49f4945c6e764be9b117797fd68f2ac1']"},"Set_variable_13":{"runAfter":{"Compose_3":["Succeeded"]},"metadata":{"operationMetadataId":"7c0acf48-e404-414f-acea-10dcaa560385"},"type":"SetVariable","inputs":{"name":"formatted_Session_name","value":"@{outputs('Compose_3')}"}}},"runAfter":{"Initialize_exempt_job_title":["Succeeded"]},"metadata":{"operationMetadataId":"a9d30aa9-4b1f-4cd8-9ea5-c9900d37ed64"},"type":"Scope"},"Initialize_registration_id":{"runAfter":{"Initialize_confirmation_email_sent_registrant":["Succeeded"]},"metadata":{"operationMetadataId":"cde67f11-4e7b-4f9f-b142-271a9c1942bb"},"type":"InitializeVariable","inputs":{"variables":[{"name":"registration_id","type":"integer","value":0}]}},"Initialize_registration_id_temp":{"runAfter":{"Initialize_registration_id":["Succeeded"]},"metadata":{"operationMetadataId":"25a5b5b3-21fd-43e0-81a0-810ac333bff7"},"type":"InitializeVariable","inputs":{"variables":[{"name":"registration_id_temp","type":"integer","value":0}]}},"Initialize_session_location":{"runAfter":{"Initialize_registration_id_temp":["Succeeded"]},"metadata":{"operationMetadataId":"4c4d657a-1555-4d2b-911b-17cd2707e6df"},"type":"InitializeVariable","inputs":{"variables":[{"name":"session_location","type":"string"}]}},"Initialize_cupe_job_title":{"runAfter":{"Initialize_session_location":["Succeeded"]},"metadata":{"operationMetadataId":"e7168ba6-bf76-4e90-aa11-43310a47a6f8"},"type":"InitializeVariable","inputs":{"variables":[{"name":"cupe_job_title","type":"string"}]}},"Initialize_facil_email":{"runAfter":{"Initialize_cupe_job_title":["Succeeded"]},"metadata":{"operationMetadataId":"c6af9295-c6b6-4567-b918-a9f5f55ac37c"},"type":"InitializeVariable","inputs":{"variables":[{"name":"facil_email","type":"string"}]}},"Initialize_professionallearning_email":{"runAfter":{"Initialize_PowerAppDateTime":["Succeeded"]},"metadata":{"operationMetadataId":"124242e4-fefe-4a98-9563-5e7a747a3bde"},"type":"InitializeVariable","inputs":{"variables":[{"name":"professionallearning_email","type":"string","value":"professionallearning@sd22.bc.ca"}]}},"Initialize_exempt_job_title":{"runAfter":{"Initialize_formatted_Session_name":["Succeeded"]},"metadata":{"operationMetadataId":"e453b613-1e8d-40dd-8d94-07ae18fc265e"},"type":"InitializeVariable","inputs":{"variables":[{"name":"exempt_job_title","type":"string"}]}},"Process":{"actions":{"Filter_array_for_Learning_Events_2":{"runAfter":{},"metadata":{"operationMetadataId":"e63cec89-bdaf-48bb-8c1c-b42592e61e30"},"type":"Query","inputs":{"from":"@outputs('Get_all_Learning_Events')?['body/value']","where":"@contains(outputs('Get_response_details')?['body/r49f4945c6e764be9b117797fd68f2ac1'], item()?['subject'])"}},"Only_process_if_Learning_Team_workshop":{"actions":{"Register_if_not_at_Max_not_CUPE_and_no_TTOC_required":{"actions":{"Send_Participant_Confirmation_5":{"runAfter":{},"metadata":{"operationMetadataId":"acfa5890-9264-44b3-b965-daaa676b8ba8"},"type":"OpenApiConnection","inputs":{"host":{"apiId":"/providers/Microsoft.PowerApps/apis/shared_office365","connectionName":"shared_office365","operationId":"SendEmailV2"},"parameters":{"emailMessage/To":"@outputs('Get_response_details')?['body/r4b12e4fe0d95421aaa4a760803e16fc8']","emailMessage/Subject":"Registration for Session @{variables('event_subject')} approved","emailMessage/Body":"<p>Hello,<br>\n<br>\nThis is an automated email to let you know your registration request has been approved. You will be receiving a calendar invite with session details shortly. <br>\n<br>\nThank you!</p>","emailMessage/Importance":"Normal"},"authentication":"@parameters('$authentication')"}},"Set_confirmation_email_sent_5":{"runAfter":{"Send_Participant_Confirmation_5":["Succeeded"]},"metadata":{"operationMetadataId":"bbd6df69-675f-4003-a7a8-5fa8650c9a29"},"type":"SetVariable","inputs":{"name":"confirmation_email_sent_registrant","value":"yes"}}},"runAfter":{"check_Max_Capacity":["Succeeded"]},"expression":{"and":[{"not":{"equals":["@variables('SessionatMaxCapacity')","yes"]}},{"not":{"equals":["@variables('TTOC_Required')","yes"]}},{"not":{"equals":["@outputs('Get_response_details')?['body/r599344dfe3394589b8079086dc648653']","CUPE"]}},{"not":{"equals":["@outputs('Get_response_details')?['body/r599344dfe3394589b8079086dc648653']","Exempt"]}}]},"metadata":{"operationMetadataId":"9ebd079f-42db-4f41-858b-4eac0e7347da"},"type":"If"},"Check_if_TTOC_spots_remaining":{"actions":{"Get_All_Previous_Registrants":{"runAfter":{},"metadata":{"01U7SYO7BFR24Z3HZEJFBKSSGR2WODTQUW":"/Automation - Learning Department Session Scheduler Sep 2022/Learning_Session_Workbook.xlsx","operationMetadataId":"623366a8-4078-4330-9dbb-100d802c4cbc","tableId":"{17D59D1B-361D-430A-8913-80864F87403A}"},"type":"OpenApiConnection","inputs":{"host":{"apiId":"/providers/Microsoft.PowerApps/apis/shared_excelonlinebusiness","connectionName":"shared_excelonlinebusiness","operationId":"GetItems"},"parameters":{"source":"me","drive":"b!b9bnH5uZeE2qgfRgwaNHVPMoML1YyrhPrueck9ucTVOBVmZxVdnGRKOamzB3g8K-","file":"01U7SYO7BFR24Z3HZEJFBKSSGR2WODTQUW","table":"{17D59D1B-361D-430A-8913-80864F87403A}","$filter":"SessionRegistered eq '@{variables('event_subject')}'"},"authentication":"@parameters('$authentication')"}},"Only_run_if_anyone_registered":{"actions":{"Different_paths_if_anyone_registered":{"actions":{"Filter_array_2":{"runAfter":{},"metadata":{"operationMetadataId":"2ccd6cf5-10a7-481f-944f-f45ecb30fa1f"},"type":"Query","inputs":{"from":"@outputs('Get_All_Previous_Registrants')?['body/value']","where":"@equals(item()?['TTOCRequired'], 'yes')"}},"Compose_6":{"runAfter":{"Filter_array_2":["Succeeded"]},"metadata":{"operationMetadataId":"f5ae21d1-8ce6-4537-844a-6504c3ddbb02"},"type":"Compose","inputs":"@body('Filter_array_2')"},"Check_if_TTOC_Spots_full":{"actions":{},"runAfter":{"Compose_6":["Succeeded"]},"else":{"actions":{"Set_TTOC_Spots_Full":{"runAfter":{},"metadata":{"operationMetadataId":"8fef6088-f7ee-43eb-90b9-2c5ddad29a88"},"type":"SetVariable","inputs":{"name":"TTOC_Spots_Full","value":"yes"}}}},"expression":{"less":["@length(body('Filter_array_2'))","@int(variables('Total_TTOC_Spots_Avail'))"]},"metadata":{"operationMetadataId":"fb8f7709-cbc5-477a-b0e3-7ee9ae103086"},"type":"If"}},"runAfter":{},"else":{"actions":{"Set_variable_17":{"runAfter":{},"metadata":{"operationMetadataId":"9592da59-35b4-45e3-9279-2df40b3d41e2"},"type":"SetVariable","inputs":{"name":"TTOC_Spots_Full","value":"yes"}}}},"expression":{"not":{"equals":["@variables('Total_TTOC_Spots_Avail')",0]}},"metadata":{"operationMetadataId":"4f1db0b0-0346-4bf0-8c10-a5f8bee1b7e4"},"type":"If"}},"runAfter":{"Compose_7":["Succeeded"]},"expression":{"or":[{"greater":["@length(outputs('Get_All_Previous_Registrants')?['body/value'])",0]},{"equals":["@int(outputs('Compose_7'))","@int('0')"]}]},"metadata":{"operationMetadataId":"63860e8e-1da4-4af4-b969-6d3523c0e20c"},"type":"If"},"Compose_7":{"runAfter":{"Get_All_Previous_Registrants":["Succeeded"]},"metadata":{"operationMetadataId":"568e36eb-d930-4887-b0c3-f2e18c72e4d6"},"type":"Compose","inputs":"@int(variables('Total_TTOC_Spots_Avail'))"}},"runAfter":{"Register_if_not_at_Max_not_CUPE_and_no_TTOC_required":["Succeeded"]},"expression":{"equals":["@variables('TTOC_Required')","yes"]},"metadata":{"operationMetadataId":"3610934d-f782-4639-bfff-be4daec54a9e"},"type":"If"},"Inform_Registrant_Session_is_Full":{"actions":{"Send_Participant_Session_Full_email":{"runAfter":{},"metadata":{"operationMetadataId":"acfa5890-9264-44b3-b965-daaa676b8ba8"},"type":"OpenApiConnection","inputs":{"host":{"apiId":"/providers/Microsoft.PowerApps/apis/shared_office365","connectionName":"shared_office365","operationId":"SendEmailV2"},"parameters":{"emailMessage/To":"@outputs('Get_response_details')?['body/r4b12e4fe0d95421aaa4a760803e16fc8']","emailMessage/Subject":"Session @{variables('event_subject')} is full","emailMessage/Body":"<p>Hello,<br>\n<br>\nThis is an automated email to inform you that, unfortunately, the learning session you attempted to register for is full.<br>\n<br>\nThank you!</p>","emailMessage/Bcc":"professionallearning@sd22.bc.ca","emailMessage/Importance":"Normal"},"authentication":"@parameters('$authentication')"}}},"runAfter":{"Check_if_TTOC_spots_remaining":["Succeeded"]},"expression":{"equals":["@variables('SessionatMaxCapacity')","yes"]},"metadata":{"operationMetadataId":"74e7ffb0-cd00-4676-84ab-04ceddab98ef"},"type":"If"},"Inform_Registrants_no_TTOC_spots_left":{"actions":{"Send_Participant_No_TTOC_spots_left":{"runAfter":{},"metadata":{"operationMetadataId":"acfa5890-9264-44b3-b965-daaa676b8ba8"},"type":"OpenApiConnection","inputs":{"host":{"apiId":"/providers/Microsoft.PowerApps/apis/shared_office365","connectionName":"shared_office365","operationId":"SendEmailV2"},"parameters":{"emailMessage/To":"@outputs('Get_response_details')?['body/r4b12e4fe0d95421aaa4a760803e16fc8']","emailMessage/Subject":"Session @{variables('event_subject')} has no TTOC spots left","emailMessage/Body":"<p>Hello,<br>\n<br>\nThis is an automated email to inform you that, unfortunately, the learning session you attempted to register for has no TTOC spots remaining. If you can arrange alternative coverage for your classroom without a TTOC, please attempt to register again and indicate a TTOC is not required.<br>\n<br>\nThank you!</p>","emailMessage/Bcc":"professionallearning@sd22.bc.ca","emailMessage/Importance":"Normal"},"authentication":"@parameters('$authentication')"}}},"runAfter":{"Inform_Registrant_Session_is_Full":["Succeeded"]},"expression":{"and":[{"equals":["@variables('TTOC_Spots_Full')","yes"]},{"not":{"equals":["@variables('SessionatMaxCapacity')","yes"]}},{"equals":["@variables('TTOC_Required')","yes"]}]},"metadata":{"operationMetadataId":"9d004ed8-410c-46b2-a5c0-1d5f6bad46a9"},"type":"If"},"Send_Request_for_TTOC_SchoolAdmin":{"actions":{"Send_email_to_Registrant_asking_to_wait_2":{"runAfter":{},"metadata":{"operationMetadataId":"0e734897-776d-42c2-9348-a7a5325c382d"},"type":"OpenApiConnection","inputs":{"host":{"apiId":"/providers/Microsoft.PowerApps/apis/shared_office365","connectionName":"shared_office365","operationId":"SendEmailV2"},"parameters":{"emailMessage/To":"@outputs('Get_response_details')?['body/r4b12e4fe0d95421aaa4a760803e16fc8']","emailMessage/Subject":"Thank you for submitting a Registration Request","emailMessage/Body":"<p>Hello,<br>\n<br>\nThis automated email is to thank you for applying to attend @{variables('event_subject')}.<br>\n<br>\nYour registration will be confirmed as soon as your TTOC request is processed, until that time you are not fully approved to attend the session.<br>\n<br>\nThank you!</p>","emailMessage/Importance":"Normal"},"authentication":"@parameters('$authentication')"}},"PLS_approval":{"actions":{"Response_from_PLS":{"actions":{"Set_variable_6":{"runAfter":{},"metadata":{"operationMetadataId":"12f5a27a-51ad-4dd1-af75-67dbfda172e6"},"type":"SetVariable","inputs":{"name":"PLSApproves","value":"yes"}},"Tell_Registrant_to_get_TTOC":{"runAfter":{"Set_variable_6":["Succeeded"]},"metadata":{"operationMetadataId":"0a2dff95-a5c8-477e-bc09-16efdbe7c9ba"},"type":"OpenApiConnection","inputs":{"host":{"apiId":"/providers/Microsoft.PowerApps/apis/shared_office365","connectionName":"shared_office365","operationId":"SendEmailV2"},"parameters":{"emailMessage/To":"@outputs('Get_response_details')?['body/r4b12e4fe0d95421aaa4a760803e16fc8']","emailMessage/Subject":"Please request a TTOC for your participation in @{variables('formatted_Session_name')}","emailMessage/Body":"<p>Hello @{outputs('Get_response_details')?['body/r3fe2eebc3dc84deba28c7a27c70dc31d']},<br>\n<br>\nYou have been approved to attend @{variables('formatted_Session_name')}. You have indicated that a TTOC will be required for your participation - please request a TTOC per the online process released in May 2023. <br>\n<br>\nIf a TTOC is not approved, please email @{variables('professionallearning_email')} to let them know you can not attend the session.<br>\n<br>\nThank you!</p>","emailMessage/Importance":"Normal"},"authentication":"@parameters('$authentication')"}},"Set_confirmation_email_sent_3":{"runAfter":{"Tell_Registrant_to_get_TTOC":["Succeeded"]},"metadata":{"operationMetadataId":"bbd6df69-675f-4003-a7a8-5fa8650c9a29"},"type":"SetVariable","inputs":{"name":"confirmation_email_sent_registrant","value":"yes"}},"Set_variable_19":{"runAfter":{"Set_confirmation_email_sent_3":["Succeeded"]},"metadata":{"operationMetadataId":"8441a67b-65b0-4173-bc9c-99d0e1a09953"},"type":"SetVariable","inputs":{"name":"HR_Approves","value":"yes"}}},"runAfter":{"Send_email_to_PLS_for_approval":["Succeeded"]},"else":{"actions":{"Send_rejection_email_4":{"runAfter":{},"metadata":{"operationMetadataId":"d8bfe9a0-cfeb-46c0-8866-0d870a3448c3"},"type":"OpenApiConnection","inputs":{"host":{"apiId":"/providers/Microsoft.PowerApps/apis/shared_office365","connectionName":"shared_office365","operationId":"SendEmailV2"},"parameters":{"emailMessage/To":"@outputs('Get_response_details')?['body/r4b12e4fe0d95421aaa4a760803e16fc8']","emailMessage/Subject":"Request to attend @{variables('event_subject')} ","emailMessage/Body":"<p>Hello,<br>\n<br>\nThis is an automated email to let you know that your request to attend this session was not approved by Professional Learning Service staff. Please follow up with them at this email address if you have any questions.<br>\n<br>\nThank you.</p>","emailMessage/Importance":"Normal"},"authentication":"@parameters('$authentication')"}},"Terminate_4":{"runAfter":{"Send_rejection_email_4":["Succeeded"]},"metadata":{"operationMetadataId":"080cd2e9-8f43-4344-82c6-b61b3e415d85"},"type":"Terminate","inputs":{"runStatus":"Cancelled"}}}},"expression":{"equals":["@outputs('Send_email_to_PLS_for_approval')?['body/SelectedOption']","Approve"]},"metadata":{"operationMetadataId":"2b41db70-9f53-4552-8ed8-880249c57edf"},"type":"If"},"Compose_9":{"runAfter":{},"metadata":{"operationMetadataId":"2b69ebb3-85aa-4d72-bc48-7c1f1c4a2d17"},"type":"Compose","inputs":"asddf"},"Send_email_to_PLS_for_approval":{"runAfter":{"Compose_9":["Succeeded"]},"metadata":{"operationMetadataId":"a0fd5130-dfa0-43e0-9a6a-1893b7fd39d8"},"type":"OpenApiConnectionWebhook","inputs":{"host":{"apiId":"/providers/Microsoft.PowerApps/apis/shared_office365","connectionName":"shared_office365","operationId":"SendMailWithOptions"},"parameters":{"optionsEmailSubscription/Message/To":"@variables('professionallearning_email')","optionsEmailSubscription/Message/Subject":"Learning Session Request Needs Approval - Exempt Staff @{outputs('Get_response_details')?['body/r9e13c855fb9b42d0a0b9a393a9724963']}","optionsEmailSubscription/Message/Options":"Approve, Reject","optionsEmailSubscription/Message/Body":"Hello, \n<br>\nThis is a request for @{outputs('Get_response_details')?['body/r3fe2eebc3dc84deba28c7a27c70dc31d']} @{outputs('Get_response_details')?['body/r9e13c855fb9b42d0a0b9a393a9724963']} to participate in Learning Session @{variables('event_subject')}.\n<br><br>\n<b>SessionDetails:</b>\n<ul>\n<li>GL Code: @{outputs('Get_event_info')?['body/TTOC_GLCode']}</li>\n<li>Title: @{variables('event_subject')}</li>\n<li>Date: @{variables('SessionDate')}</li>\n<li>StartTime: @{variables('StartTime')}</li>\n<li>EndTime: @{variables('Endtime')} </li>\n<li>Intended Audience: @{outputs('Get_event_info')?['body/Audience']}</li>\n</ul>\n<br>\n<b>Employee Details, Exempt Staff:</b>\n<ul>\n<li>Employee Number: @{outputs('Get_response_details')?['body/rdf35afc3ad0c483b80ef92519cdace98']}</li>\n<li>Employee Job Title: @{outputs('Get_response_details')?['body/r7092a35b634b460697befaec1c49b8e7']}</li>\n<li>Subject Taught: @{variables('Subject_Taught')} </li>\n<li>Does employee want TOC to contact them: @{outputs('Get_response_details')?['body/rbdc12f0290a84891a734aa5b5d3f29d3']} @{outputs('Get_response_details')?['body/rbd70ea48d16449d7b700fc470206ca6a']}</li>\n<li>Grade Taught: @{variables('GradeTaught')}</li>\n<li>Primary Worksite: @{outputs('Get_response_details')?['body/r52f1a1962c474a2499e879eca299b787']}</li>\n<li>Indicated they wanted a TOC for: @{outputs('Get_response_details')?['body/rcf8bdeeb55fe40c18bb0fe5d550a8c86']}</li>\n</ul>","optionsEmailSubscription/Message/Importance":"Normal","optionsEmailSubscription/Message/UseOnlyHTMLMessage":true,"optionsEmailSubscription/Message/HideHTMLMessage":false,"optionsEmailSubscription/Message/ShowHTMLConfirmationDialog":false},"authentication":"@parameters('$authentication')"}},"Delay_7":{"runAfter":{"Compose_9":["Succeeded"]},"metadata":{"operationMetadataId":"41540a01-2e93-42c9-a043-ae108d58445d"},"type":"Wait","inputs":{"interval":{"count":1,"unit":"Day"}}},"Do_until_4":{"actions":{"Delay_8":{"runAfter":{},"metadata":{"operationMetadataId":"60d620e1-9294-4ab3-b62e-51ae624cc0c3"},"type":"Wait","inputs":{"interval":{"count":1,"unit":"Day"}}},"Send_Reminder_Email_PLS_3":{"runAfter":{"Delay_8":["Succeeded"]},"metadata":{"operationMetadataId":"43dea074-625a-44d6-a623-67cac897a477"},"type":"OpenApiConnection","inputs":{"host":{"apiId":"/providers/Microsoft.PowerApps/apis/shared_office365","connectionName":"shared_office365_2","operationId":"SendEmailV2"},"parameters":{"emailMessage/To":"@variables('professionallearning_email')","emailMessage/Subject":"Reminder: Learning Session Request Needs Approval - Exempt Staff @{outputs('Get_response_details')?['body/r9e13c855fb9b42d0a0b9a393a9724963']}","emailMessage/Body":"<p>Hello,<br>\n<br>\nThis is an automated reminder that there is a registration request for an employee to attend a learning session that requires your approval. Please find a recent email with subject line \"Learning Session Request Needs Approval - Exempt Staff @{outputs('Get_response_details')?['body/r9e13c855fb9b42d0a0b9a393a9724963']}\" and approve or reject the request before the 30 day timeout or the session fills. Thank you!</p>","emailMessage/Importance":"Normal"},"authentication":"@parameters('$authentication')"}}},"runAfter":{"Delay_7":["Succeeded"]},"expression":"@equals(variables('loopstop'), 'yes')","limit":{"count":60,"timeout":"PT1H"},"metadata":{"operationMetadataId":"8d47556f-fac2-4c6d-9a21-955a5de98213"},"type":"Until"},"Set_loopstop_to_yes":{"runAfter":{"Response_from_PLS":["Succeeded"]},"metadata":{"operationMetadataId":"521a6c0b-28fa-42ef-8463-ac26ef6a7c38"},"type":"SetVariable","inputs":{"name":"loopstop","value":"yes"}}},"runAfter":{"Set_admin_approves_3":["Succeeded"]},"expression":{"equals":["@variables('admin_approves')","yes"]},"metadata":{"operationMetadataId":"562c70b5-b3e9-4e27-b98d-72d4cb9fec3e"},"type":"If"},"Set_admin_approves_3":{"runAfter":{"Set_variable_5":["Succeeded"]},"metadata":{"operationMetadataId":"6b0e0c37-4af7-48af-9f28-e673a373b0b6"},"type":"SetVariable","inputs":{"name":"admin_approves","value":"yes"},"description":"Exempt staff do not require principal/school admin approval."},"Set_variable_5":{"runAfter":{"Send_email_to_Registrant_asking_to_wait_2":["Succeeded"]},"metadata":{"operationMetadataId":"af5cf01b-c1ac-4be8-ae0a-03eeb1fa32c3"},"type":"SetVariable","inputs":{"name":"exempt_job_title","value":"@outputs('Get_response_details')?['body/r7092a35b634b460697befaec1c49b8e7']"}},"Notify_Susan_Bowen":{"runAfter":{"Reset_Loopstop_SchoolAdmin":["Succeeded"]},"metadata":{"operationMetadataId":"23043b9c-3088-4461-b125-5d5e60e69c70"},"type":"OpenApiConnection","inputs":{"host":{"apiId":"/providers/Microsoft.PowerApps/apis/shared_office365","connectionName":"shared_office365","operationId":"SendEmailV2"},"parameters":{"emailMessage/To":"@variables('susan_bowen_email')","emailMessage/Subject":"Notification of School Administrator Attending Learning Session","emailMessage/Body":"<p>Hello,<br>\n<br>\nThis is a request for @{outputs('Get_response_details')?['body/r3fe2eebc3dc84deba28c7a27c70dc31d']} @{outputs('Get_response_details')?['body/r9e13c855fb9b42d0a0b9a393a9724963']} to participate in Learning Session @{variables('event_subject')}.<br>\n<br>\nSessionDetails:<br>\n<br>\nGL Code: @{outputs('Get_event_info')?['body/TTOC_GLCode']};<br>\nTitle: @{variables('event_subject')}<br>\nDate: @{variables('SessionDate')}<br>\nStartTime: @{variables('StartTime')}<br>\nEndTime: @{variables('Endtime')}<br>\nIntended Audience: @{outputs('Get_event_info')?['body/Audience']}<br>\n<br>\n<br>\nEmployee Details, Exempt Staff:<br>\n<br>\nEmployee Number: @{outputs('Get_response_details')?['body/rdf35afc3ad0c483b80ef92519cdace98']}<br>\nEmployee Job Title: @{outputs('Get_response_details')?['body/r7092a35b634b460697befaec1c49b8e7']}<br>\nSubject Taught: @{variables('Subject_Taught')}<br>\nDoes employee want TOC to contact them: @{outputs('Get_response_details')?['body/rbdc12f0290a84891a734aa5b5d3f29d3']} @{outputs('Get_response_details')?['body/rbd70ea48d16449d7b700fc470206ca6a']}<br>\nGrade Taught: @{variables('GradeTaught')}<br>\nPrimary Worksite: @{outputs('Get_response_details')?['body/r52f1a1962c474a2499e879eca299b787']}<br>\nIndicated they wanted a TOC for: @{outputs('Get_response_details')?['body/rcf8bdeeb55fe40c18bb0fe5d550a8c86']}<br>\n</p>","emailMessage/Importance":"Normal"},"authentication":"@parameters('$authentication')"}},"Set_SusanBown_Approval_to_Yes":{"runAfter":{"Notify_Susan_Bowen":["Succeeded"]},"metadata":{"operationMetadataId":"12f5a27a-51ad-4dd1-af75-67dbfda172e6"},"type":"SetVariable","inputs":{"name":"susan_bowen_approval","value":"yes"}},"Reset_Loopstop_SchoolAdmin":{"runAfter":{"PLS_approval":["Succeeded"]},"metadata":{"operationMetadataId":"5c117dcb-ec7e-482d-9921-17427886ad83"},"type":"SetVariable","inputs":{"name":"loopstop","value":"aa"}}},"runAfter":{"Inform_Registrants_no_TTOC_spots_left":["Succeeded"]},"else":{"actions":{"Send_Request_for_Exempt_no_TTOC":{"actions":{"Set_admin_approves_4":{"runAfter":{"Set_variable_9":["Succeeded"]},"metadata":{"operationMetadataId":"6b0e0c37-4af7-48af-9f28-e673a373b0b6"},"type":"SetVariable","inputs":{"name":"admin_approves","value":"yes"},"description":"Exempt staff do not require principal/school admin approval."},"Set_PLS_approval":{"runAfter":{"Set_admin_approves_4":["Succeeded"]},"metadata":{"operationMetadataId":"12f5a27a-51ad-4dd1-af75-67dbfda172e6"},"type":"SetVariable","inputs":{"name":"PLSApproves","value":"yes"},"description":"PLS approval not needed if Admin doesn't need TTOC"},"Send_an_email_to_Susan_Bowen":{"runAfter":{"Set_PLS_approval":["Succeeded"]},"metadata":{"operationMetadataId":"100bdaaf-6bcd-48b6-8f2a-697cae7a20f1"},"type":"OpenApiConnection","inputs":{"host":{"apiId":"/providers/Microsoft.PowerApps/apis/shared_office365","connectionName":"shared_office365_2","operationId":"SendEmailV2"},"parameters":{"emailMessage/To":"@variables('susan_bowen_approval')","emailMessage/Subject":"Exempt Staff attending Professional Development Workshop","emailMessage/Body":"<p>Hello,<br>\n<br>\n@{outputs('Get_response_details')?['body/r3fe2eebc3dc84deba28c7a27c70dc31d']} @{outputs('Get_response_details')?['body/r9e13c855fb9b42d0a0b9a393a9724963']} is participating in Learning Session @{variables('event_subject')}.<br>\n<br>\nNo TTOC is required by the registrant for this session.<br>\n<br>\nSessionDetails:<br>\n<br>\nGL Code: @{outputs('Get_event_info')?['body/TTOC_GLCode']}<br>\nTitle: @{variables('event_subject')}<br>\nDate: @{variables('SessionDate')}<br>\nStartTime: @{variables('StartTime')}<br>\nEndTime: @{variables('Endtime')}<br>\nIntended Audience: @{outputs('Get_event_info')?['body/Audience']}<br>\n<br>\n<strong>Additional Employee Details, Exempt Staff:<br>\n</strong><br>\nEmployee Number: @{outputs('Get_response_details')?['body/rdf35afc3ad0c483b80ef92519cdace98']}<br>\nWorksite: @{outputs('Get_response_details')?['body/r52f1a1962c474a2499e879eca299b787']}<br>\n</p>","emailMessage/Importance":"Normal"},"authentication":"@parameters('$authentication')"}},"Set_variable_16":{"runAfter":{"Send_an_email_to_Susan_Bowen":["Succeeded"]},"metadata":{"operationMetadataId":"12f5a27a-51ad-4dd1-af75-67dbfda172e6"},"type":"SetVariable","inputs":{"name":"susan_bowen_approval","value":"yes"}},"Set_HR_approves":{"runAfter":{"Set_variable_16":["Succeeded"]},"metadata":{"operationMetadataId":"8441a67b-65b0-4173-bc9c-99d0e1a09953"},"type":"SetVariable","inputs":{"name":"HR_Approves","value":"yes"}},"Send_Participant_Confirmation_2":{"runAfter":{"Set_HR_approves":["Succeeded"]},"metadata":{"operationMetadataId":"ee288eca-c826-4cdd-ba70-15974a452da6"},"type":"OpenApiConnection","inputs":{"host":{"apiId":"/providers/Microsoft.PowerApps/apis/shared_office365","connectionName":"shared_office365_2","operationId":"SendEmailV2"},"parameters":{"emailMessage/To":"@outputs('Get_response_details')?['body/r4b12e4fe0d95421aaa4a760803e16fc8']","emailMessage/Subject":"Registration for Session @{variables('event_subject')} approved","emailMessage/Body":"<p>Hello,<br>\n<br>\nYour registration request for the workshop \"@{variables('SessionTitle')}\" has been approved. You will be receiving a calendar invite with session details shortly. Please be sure to let learning services know if you can not attend.&nbsp;</p>","emailMessage/Importance":"Normal"},"authentication":"@parameters('$authentication')"}},"Set_confirmation_email_sent":{"runAfter":{"Send_Participant_Confirmation_2":["Succeeded"]},"metadata":{"operationMetadataId":"3e97de96-e134-4bb9-8d81-90e76865aa35"},"type":"SetVariable","inputs":{"name":"confirmation_email_sent_registrant","value":"yes"}},"Set_variable_9":{"runAfter":{},"metadata":{"operationMetadataId":"43abd710-2c5c-4f1e-88dd-d7d7bb7da3a2"},"type":"SetVariable","inputs":{"name":"exempt_job_title","value":"@outputs('Get_response_details')?['body/r7092a35b634b460697befaec1c49b8e7']"}}},"runAfter":{},"expression":{"and":[{"not":{"equals":["@variables('SessionatMaxCapacity')","yes"]}},{"equals":["@outputs('Get_response_details')?['body/r599344dfe3394589b8079086dc648653']","Exempt"]},{"not":{"equals":["@variables('TTOC_Required')","yes"]}}]},"metadata":{"operationMetadataId":"49de8767-a48f-4bdc-ba2f-12bca6a3a23d"},"type":"If"}}},"expression":{"and":[{"not":{"equals":["@variables('SessionatMaxCapacity')","yes"]}},{"equals":["@variables('TTOC_Required')","yes"]},{"equals":["@outputs('Get_response_details')?['body/r599344dfe3394589b8079086dc648653']","Exempt"]},{"not":{"equals":["@variables('TTOC_Spots_Full')","yes"]}}]},"metadata":{"operationMetadataId":"49de8767-a48f-4bdc-ba2f-12bca6a3a23d"},"type":"If"},"Send_Request_for_TTOC_VTA":{"actions":{"Send_email_to_Registrant_asking_to_wait":{"runAfter":{},"metadata":{"operationMetadataId":"0e734897-776d-42c2-9348-a7a5325c382d"},"type":"OpenApiConnection","inputs":{"host":{"apiId":"/providers/Microsoft.PowerApps/apis/shared_office365","connectionName":"shared_office365","operationId":"SendEmailV2"},"parameters":{"emailMessage/To":"@outputs('Get_response_details')?['body/r4b12e4fe0d95421aaa4a760803e16fc8']","emailMessage/Subject":"Thank you for submitting a Registration Request","emailMessage/Body":"<p>Hello,<br>\n<br>\nThis automated email is to thank you for applying to attend @{variables('event_subject')}.<br>\n<br>\nYour registration will be confirmed as soon as your TTOC request is processed, until that time you are not fully approved to attend the session.<br>\n<br>\nThank you!</p>","emailMessage/Importance":"Normal"},"authentication":"@parameters('$authentication')"}},"PLS_approval_2":{"actions":{"Response_from_PLS_2":{"actions":{"Set_variable_11":{"runAfter":{},"metadata":{"operationMetadataId":"12f5a27a-51ad-4dd1-af75-67dbfda172e6"},"type":"SetVariable","inputs":{"name":"PLSApproves","value":"yes"}},"Tell_Registrant_to_get_TTOC_2":{"runAfter":{"Set_variable_11":["Succeeded"]},"metadata":{"operationMetadataId":"d74c3c37-67ef-43b3-a353-063bb0524e95"},"type":"OpenApiConnection","inputs":{"host":{"apiId":"/providers/Microsoft.PowerApps/apis/shared_office365","connectionName":"shared_office365","operationId":"SendEmailV2"},"parameters":{"emailMessage/To":"@outputs('Get_response_details')?['body/r4b12e4fe0d95421aaa4a760803e16fc8']","emailMessage/Subject":"Please request a TTOC for your participation in @{variables('formatted_Session_name')}","emailMessage/Body":"<p>Hello @{outputs('Get_response_details')?['body/r3fe2eebc3dc84deba28c7a27c70dc31d']},<br>\n<br>\nYou have been approved to attend @{variables('formatted_Session_name')}. You have indicated that a TTOC will be required for your participation - please request a TTOC per the online process released in May 2023.<br>\n<br>\nIf a TTOC is not approved, please email session facilitator(s) @{outputs('Get_Required_Attendees')} to let them know you can not attend the session.<br>\n<br>\nThank you!</p>","emailMessage/Importance":"Normal"},"authentication":"@parameters('$authentication')"}},"Set_confirmation_email_sent_2":{"runAfter":{"Tell_Registrant_to_get_TTOC_2":["Succeeded"]},"metadata":{"operationMetadataId":"bbd6df69-675f-4003-a7a8-5fa8650c9a29"},"type":"SetVariable","inputs":{"name":"confirmation_email_sent_registrant","value":"yes"}},"Set_HR_Approves_to_yes_in_case_its_still_needed":{"runAfter":{"Set_confirmation_email_sent_2":["Succeeded"]},"metadata":{"operationMetadataId":"8441a67b-65b0-4173-bc9c-99d0e1a09953"},"type":"SetVariable","inputs":{"name":"HR_Approves","value":"yes"}}},"runAfter":{"Send_email_to_PLS_for_approval_2":["Succeeded"]},"else":{"actions":{"Send_rejection_email_7":{"runAfter":{},"metadata":{"operationMetadataId":"d8bfe9a0-cfeb-46c0-8866-0d870a3448c3"},"type":"OpenApiConnection","inputs":{"host":{"apiId":"/providers/Microsoft.PowerApps/apis/shared_office365","connectionName":"shared_office365","operationId":"SendEmailV2"},"parameters":{"emailMessage/To":"@outputs('Get_response_details')?['body/r4b12e4fe0d95421aaa4a760803e16fc8']","emailMessage/Subject":"Request to attend @{variables('event_subject')} denied","emailMessage/Body":"<p>Hello,<br>\n<br>\nThis is an automated email to let you know that your request to attend this session was denied by your Professional Learning Service. Please follow up with them at this email address if you have any questions.<br>\n<br>\nThank you.</p>","emailMessage/Importance":"Normal"},"authentication":"@parameters('$authentication')"}},"Terminate_6":{"runAfter":{"Send_rejection_email_7":["Succeeded"]},"metadata":{"operationMetadataId":"ca17fbde-6325-4fdd-a809-82ef5598efb5"},"type":"Terminate","inputs":{"runStatus":"Cancelled"}}}},"expression":{"equals":["@outputs('Send_email_to_PLS_for_approval_2')?['body/SelectedOption']","Approve"]},"metadata":{"operationMetadataId":"2b41db70-9f53-4552-8ed8-880249c57edf"},"type":"If"},"Compose_4":{"runAfter":{},"metadata":{"operationMetadataId":"3957d686-7317-4161-ae81-a7adbab73fa3"},"type":"Compose","inputs":"asdf"},"Send_email_to_PLS_for_approval_2":{"runAfter":{"Compose_4":["Succeeded"]},"metadata":{"operationMetadataId":"a0fd5130-dfa0-43e0-9a6a-1893b7fd39d8"},"type":"OpenApiConnectionWebhook","inputs":{"host":{"apiId":"/providers/Microsoft.PowerApps/apis/shared_office365","connectionName":"shared_office365","operationId":"SendMailWithOptions"},"parameters":{"optionsEmailSubscription/Message/To":"@variables('professionallearning_email')","optionsEmailSubscription/Message/Subject":"Learning Session Request Needs Approval for @{outputs('Get_response_details')?['body/r9e13c855fb9b42d0a0b9a393a9724963']}","optionsEmailSubscription/Message/Options":"Approve, Reject","optionsEmailSubscription/Message/Body":"Hello, \n<br>\nThis is a request for @{outputs('Get_response_details')?['body/r3fe2eebc3dc84deba28c7a27c70dc31d']} @{outputs('Get_response_details')?['body/r9e13c855fb9b42d0a0b9a393a9724963']} to participate in Learning Session @{variables('event_subject')}. The administrator or supervisor for this employee has already approved the request.\n<br><br>\n<b>SessionDetails:</b>\n<ul>\n<li>GL Code: @{outputs('Get_event_info')?['body/TTOC_GLCode']}</li>\n<li>Title: @{variables('event_subject')}</li>\n<li>Date: @{variables('SessionDate')}</li>\n<li>StartTime: @{variables('StartTime')}</li>\n<li>EndTime: @{variables('Endtime')} </li>\n<li>Intended Audience: @{outputs('Get_event_info')?['body/Audience']}</li>\n</ul>\n<br>\n<b>Employee Details:</b>\n<ul>\n<li>Employee Number: @{outputs('Get_response_details')?['body/rdf35afc3ad0c483b80ef92519cdace98']}</li>\n<li>Employee FTE: @{outputs('Get_response_details')?['body/r955527b65f14424d918325c6bfd88b51']} </li>\n<li>Subject/Division Taught: @{variables('Subject_Taught')} </li>\n<li>Supervision Time: @{outputs('Get_response_details')?['body/r4f386dd7ecb14ccbbe7b062ba7fa757a']}</li>\n<li>Does employee want TOC to contact them: @{outputs('Get_response_details')?['body/rbdc12f0290a84891a734aa5b5d3f29d3']} @{outputs('Get_response_details')?['body/rbd70ea48d16449d7b700fc470206ca6a']}</li>\n<li>Grade Taught: @{variables('GradeTaught')}</li>\n<li>Primary Worksite: @{outputs('Get_response_details')?['body/r52f1a1962c474a2499e879eca299b787']}</li>\n<li>Indicated they wanted a TOC for: @{outputs('Get_response_details')?['body/r9c682893c0394bc3963fdaf056809e07']}</li>\n</ul>\n<br><br>@{variables('TTOC_Spots_Full')}\n","optionsEmailSubscription/Message/Importance":"Normal","optionsEmailSubscription/Message/UseOnlyHTMLMessage":true,"optionsEmailSubscription/Message/HideHTMLMessage":false,"optionsEmailSubscription/Message/ShowHTMLConfirmationDialog":false},"authentication":"@parameters('$authentication')"}},"Set_looptstop_to_yes_2":{"runAfter":{"Response_from_PLS_2":["Succeeded"]},"metadata":{"operationMetadataId":"97da1743-e94c-424d-b268-15226a95cc12"},"type":"SetVariable","inputs":{"name":"loopstop","value":"yes"}},"Delay":{"runAfter":{"Compose_4":["Succeeded"]},"metadata":{"operationMetadataId":"195ae635-ccab-4162-923c-a86321c94445"},"type":"Wait","inputs":{"interval":{"count":1,"unit":"Day"}}},"Do_until_3":{"actions":{"Delay_4":{"runAfter":{},"metadata":{"operationMetadataId":"60d620e1-9294-4ab3-b62e-51ae624cc0c3"},"type":"Wait","inputs":{"interval":{"count":1,"unit":"Day"}}},"Send_Reminder_Email_PLS":{"runAfter":{"Delay_4":["Succeeded"]},"metadata":{"operationMetadataId":"43dea074-625a-44d6-a623-67cac897a477"},"type":"OpenApiConnection","inputs":{"host":{"apiId":"/providers/Microsoft.PowerApps/apis/shared_office365","connectionName":"shared_office365_2","operationId":"SendEmailV2"},"parameters":{"emailMessage/To":"@variables('professionallearning_email')","emailMessage/Subject":"Reminder - Learning Session Registration requires your approval","emailMessage/Body":"<p>Hello,<br>\n<br>\nThis is an automated reminder that there is a registration request for an employee to attend a learning session that requires your approval. Please find a recent email with subject line \"Learning Session Request Needs Approval for @{outputs('Get_response_details')?['body/r9e13c855fb9b42d0a0b9a393a9724963']}\" and approve or reject the request before the 30 day timeout or the session fills. Thank you!</p>","emailMessage/Importance":"Normal"},"authentication":"@parameters('$authentication')"}}},"runAfter":{"Delay":["Succeeded"]},"expression":"@equals(variables('loopstop'), 'yes')","limit":{"count":60,"timeout":"PT1H"},"metadata":{"operationMetadataId":"8d47556f-fac2-4c6d-9a21-955a5de98213"},"type":"Until"}},"runAfter":{"Admin_Approval_2":["Succeeded"]},"expression":{"equals":["@variables('admin_approves')","yes"]},"metadata":{"operationMetadataId":"562c70b5-b3e9-4e27-b98d-72d4cb9fec3e"},"type":"If"},"Admin_Approval_2":{"actions":{"Set_admin_approves":{"runAfter":{},"metadata":{"operationMetadataId":"6b0e0c37-4af7-48af-9f28-e673a373b0b6"},"type":"SetVariable","inputs":{"name":"admin_approves","value":"yes"}}},"runAfter":{"Send_email_to_administrator":["Succeeded"]},"else":{"actions":{"Send_rejection_email_8":{"runAfter":{},"metadata":{"operationMetadataId":"6fd38918-e3e8-4f82-a293-63e190df4bb7"},"type":"OpenApiConnection","inputs":{"host":{"apiId":"/providers/Microsoft.PowerApps/apis/shared_office365","connectionName":"shared_office365","operationId":"SendEmailV2"},"parameters":{"emailMessage/To":"@outputs('Get_response_details')?['body/r4b12e4fe0d95421aaa4a760803e16fc8']","emailMessage/Subject":"Request to attend @{variables('event_subject')} denied","emailMessage/Body":"<p>Hello,<br>\n<br>\nThis is an automated email to let you know that your request to attend this session was denied by your school's admiinistrator or your supervisor. Please follow up with them if you have any questions.<br>\n<br>\nThank you.</p>","emailMessage/Importance":"Normal"},"authentication":"@parameters('$authentication')"}},"Terminate_5":{"runAfter":{"Send_rejection_email_8":["Succeeded"]},"metadata":{"operationMetadataId":"42194fd5-6965-4a73-a779-c5e5849336ab"},"type":"Terminate","inputs":{"runStatus":"Cancelled"}}}},"expression":{"equals":["@outputs('Send_email_to_administrator')?['body/SelectedOption']","Approve"]},"metadata":{"operationMetadataId":"51e66a21-31db-4289-95ec-fe1c39a9ccd7"},"type":"If"},"Send_email_to_administrator":{"runAfter":{"Send_email_to_Registrant_asking_to_wait":["Succeeded"]},"metadata":{"operationMetadataId":"0c91ddd7-983d-4f9b-8c87-2e91ac36af93"},"type":"OpenApiConnectionWebhook","inputs":{"host":{"apiId":"/providers/Microsoft.PowerApps/apis/shared_office365","connectionName":"shared_office365","operationId":"SendMailWithOptions"},"parameters":{"optionsEmailSubscription/Message/To":"@variables('school_administrator_email')","optionsEmailSubscription/Message/Subject":"Request for TTOC to attend Learning Session","optionsEmailSubscription/Message/Options":"Approve, Reject","optionsEmailSubscription/Message/Body":"Hello, \n<br>\nThis is a request for @{outputs('Get_response_details')?['body/r3fe2eebc3dc84deba28c7a27c70dc31d']} @{outputs('Get_response_details')?['body/r9e13c855fb9b42d0a0b9a393a9724963']} to participate in Learning Session @{variables('event_subject')}.\n<br><br>\n<b>SessionDetails:</b>\n<ul>\n<li>GL Code: @{outputs('Get_event_info')?['body/TTOC_GLCode']}</li>\n<li>Title: @{variables('event_subject')}</li>\n<li>Date: @{variables('SessionDate')}</li>\n<li>StartTime: @{variables('StartTime')}</li>\n<li>EndTime: @{variables('Endtime')} </li>\n<li>Intended Audience: @{outputs('Get_event_info')?['body/Audience']}</li>\n</ul>\n<br>\n<b>Employee Details:</b>\n<ul>\n<li>Employee Number: @{outputs('Get_response_details')?['body/rdf35afc3ad0c483b80ef92519cdace98']}</li>\n<li>Employee FTE: @{outputs('Get_response_details')?['body/r955527b65f14424d918325c6bfd88b51']} </li>\n<li>Subject/Division Taught: @{variables('Subject_Taught')} </li>\n<li>Supervision Time: @{outputs('Get_response_details')?['body/r4f386dd7ecb14ccbbe7b062ba7fa757a']}</li>\n<li>Does employee want TOC to contact them: @{outputs('Get_response_details')?['body/rbdc12f0290a84891a734aa5b5d3f29d3']} @{outputs('Get_response_details')?['body/rbd70ea48d16449d7b700fc470206ca6a']}</li>\n<li>Grade Taught: @{variables('GradeTaught')}</li>\n<li>Primary Worksite: @{outputs('Get_response_details')?['body/r52f1a1962c474a2499e879eca299b787']}</li>\n<li>Indicated they wanted a TOC for: @{outputs('Get_response_details')?['body/r9c682893c0394bc3963fdaf056809e07']}</li>\n</ul>\n<br>\n<br>\n@{variables('TTOC_Spots_Full')}","optionsEmailSubscription/Message/Importance":"Normal","optionsEmailSubscription/Message/UseOnlyHTMLMessage":true,"optionsEmailSubscription/Message/HideHTMLMessage":false,"optionsEmailSubscription/Message/ShowHTMLConfirmationDialog":false},"authentication":"@parameters('$authentication')"}},"Reset_Loopstop_2":{"runAfter":{"PLS_approval_2":["Succeeded"]},"metadata":{"operationMetadataId":"49e603a4-9f24-4c60-a6be-4ea8ca25037b"},"type":"SetVariable","inputs":{"name":"loopstop","value":"aa"}}},"runAfter":{"Send_Request_for_TTOC_SchoolAdmin":["Succeeded"]},"expression":{"and":[{"not":{"equals":["@variables('SessionatMaxCapacity')","yes"]}},{"equals":["@variables('TTOC_Required')","yes"]},{"equals":["@outputs('Get_response_details')?['body/r599344dfe3394589b8079086dc648653']","VTA"]},{"not":{"equals":["@variables('TTOC_Spots_Full')","yes"]}}]},"metadata":{"operationMetadataId":"49de8767-a48f-4bdc-ba2f-12bca6a3a23d"},"type":"If"},"Send_Request_for_CUPE":{"actions":{"Send_email_to_Registrant_asking_to_wait_3":{"runAfter":{},"metadata":{"operationMetadataId":"0e734897-776d-42c2-9348-a7a5325c382d"},"type":"OpenApiConnection","inputs":{"host":{"apiId":"/providers/Microsoft.PowerApps/apis/shared_office365","connectionName":"shared_office365","operationId":"SendEmailV2"},"parameters":{"emailMessage/To":"@outputs('Get_response_details')?['body/r4b12e4fe0d95421aaa4a760803e16fc8']","emailMessage/Subject":"Thank you for submitting a Registration Request","emailMessage/Body":"<p>Hello,<br>\n<br>\nThis automated email is to thank you for applying to attend @{variables('event_subject')}.<br>\n<br>\nYour registration will be confirmed as soon as it has been approved, please wait until you receive a confirmation email and calendar invitation before committing to attending this session.<br>\n<br>\nThank you!</p>","emailMessage/Importance":"Normal"},"authentication":"@parameters('$authentication')"}},"PLS_approval_3":{"actions":{"Response_from_PLS_3":{"actions":{"Set_variable_15":{"runAfter":{},"metadata":{"operationMetadataId":"12f5a27a-51ad-4dd1-af75-67dbfda172e6"},"type":"SetVariable","inputs":{"name":"PLSApproves","value":"yes"}},"Send_Participant_Confirmation_8":{"runAfter":{"Set_variable_15":["Succeeded"]},"metadata":{"operationMetadataId":"acfa5890-9264-44b3-b965-daaa676b8ba8"},"type":"OpenApiConnection","inputs":{"host":{"apiId":"/providers/Microsoft.PowerApps/apis/shared_office365","connectionName":"shared_office365","operationId":"SendEmailV2"},"parameters":{"emailMessage/To":"@outputs('Get_response_details')?['body/r4b12e4fe0d95421aaa4a760803e16fc8']","emailMessage/Subject":"Registration for Session @{variables('event_subject')} approved","emailMessage/Body":"<p>Hello,<br>\n<br>\nYour registration request has been approved. You will be receiving a calendar invite with session details shortly. Please be sure to let Learning Services know if you can not attend.&nbsp;</p>","emailMessage/Importance":"Normal"},"authentication":"@parameters('$authentication')"}},"Set_confirmation_email_sent_8":{"runAfter":{"Send_Participant_Confirmation_8":["Succeeded"]},"metadata":{"operationMetadataId":"bbd6df69-675f-4003-a7a8-5fa8650c9a29"},"type":"SetVariable","inputs":{"name":"confirmation_email_sent_registrant","value":"yes"}}},"runAfter":{"Send_email_to_PLS_for_approval_3":["Succeeded"]},"else":{"actions":{"Send_rejection_email_11":{"runAfter":{},"metadata":{"operationMetadataId":"d8bfe9a0-cfeb-46c0-8866-0d870a3448c3"},"type":"OpenApiConnection","inputs":{"host":{"apiId":"/providers/Microsoft.PowerApps/apis/shared_office365","connectionName":"shared_office365","operationId":"SendEmailV2"},"parameters":{"emailMessage/To":"@outputs('Get_response_details')?['body/r4b12e4fe0d95421aaa4a760803e16fc8']","emailMessage/Subject":"Request to attend @{variables('event_subject')} denied","emailMessage/Body":"<p>Hello,<br>\n<br>\nThis is an automated email to let you know that your request to attend this session was denied by your Professional Learning Service. Please follow up with them at this email address if you have any questions.<br>\n<br>\nThank you.</p>","emailMessage/Importance":"Normal"},"authentication":"@parameters('$authentication')"}}}},"expression":{"equals":["@outputs('Send_email_to_PLS_for_approval_3')?['body/SelectedOption']","Approve"]},"metadata":{"operationMetadataId":"2b41db70-9f53-4552-8ed8-880249c57edf"},"type":"If"},"Compose_8":{"runAfter":{},"metadata":{"operationMetadataId":"ee2878d8-4e4f-43ea-a1e7-154d099b6bd4"},"type":"Compose","inputs":"asdf"},"Send_email_to_PLS_for_approval_3":{"runAfter":{"Compose_8":["Succeeded"]},"metadata":{"operationMetadataId":"a0fd5130-dfa0-43e0-9a6a-1893b7fd39d8"},"type":"OpenApiConnectionWebhook","inputs":{"host":{"apiId":"/providers/Microsoft.PowerApps/apis/shared_office365","connectionName":"shared_office365","operationId":"SendMailWithOptions"},"parameters":{"optionsEmailSubscription/Message/To":"@variables('professionallearning_email')","optionsEmailSubscription/Message/Subject":"Request for CUPE Member @{outputs('Get_response_details')?['body/r9e13c855fb9b42d0a0b9a393a9724963']} to attend Learning Session","optionsEmailSubscription/Message/Options":"Approve, Reject","optionsEmailSubscription/Message/Body":"Hello, \n<br>\nThis is a request for @{outputs('Get_response_details')?['body/r3fe2eebc3dc84deba28c7a27c70dc31d']} @{outputs('Get_response_details')?['body/r9e13c855fb9b42d0a0b9a393a9724963']} to participate in Learning Session @{variables('event_subject')}. \n<br><br>\n<b>SessionDetails:</b>\n<ul>\n<li>GL Code for CUPE: @{variables('GLCode')}</li>\n<li>Title: @{variables('event_subject')}</li>\n<li>Date: @{variables('SessionDate')}</li>\n<li>StartTime: @{variables('StartTime')}</li>\n<li>EndTime: @{variables('Endtime')} </li>\n<li>Intended Audience: @{outputs('Get_event_info')?['body/Audience']}</li>\n</ul>\n<br>\n<b>Employee Details:</b>\n<ul>\n<li>Employee Number: @{outputs('Get_response_details')?['body/rdf35afc3ad0c483b80ef92519cdace98']}</li>\n<li>Employee Position:  @{variables('cupe_job_title')}</li>\n<li>Primary Worksite: @{outputs('Get_response_details')?['body/r52f1a1962c474a2499e879eca299b787']}</li>\n</ul>\n","optionsEmailSubscription/Message/Importance":"Normal","optionsEmailSubscription/Message/UseOnlyHTMLMessage":true,"optionsEmailSubscription/Message/HideHTMLMessage":false,"optionsEmailSubscription/Message/ShowHTMLConfirmationDialog":false},"authentication":"@parameters('$authentication')"}},"Delay_5":{"runAfter":{"Compose_8":["Succeeded"]},"metadata":{"operationMetadataId":"2cd8fc12-2138-4302-ac3a-fd79405c02cd"},"type":"Wait","inputs":{"interval":{"count":1,"unit":"Day"}}},"Do_until_2":{"actions":{"Delay_6":{"runAfter":{},"metadata":{"operationMetadataId":"60d620e1-9294-4ab3-b62e-51ae624cc0c3"},"type":"Wait","inputs":{"interval":{"count":1,"unit":"Day"}}},"Send_Reminder_Email_PLS_2":{"runAfter":{"Delay_6":["Succeeded"]},"metadata":{"operationMetadataId":"43dea074-625a-44d6-a623-67cac897a477"},"type":"OpenApiConnection","inputs":{"host":{"apiId":"/providers/Microsoft.PowerApps/apis/shared_office365","connectionName":"shared_office365_2","operationId":"SendEmailV2"},"parameters":{"emailMessage/To":"@variables('professionallearning_email')","emailMessage/Subject":"Request for CUPE Member @{outputs('Get_response_details')?['body/r9e13c855fb9b42d0a0b9a393a9724963']} to attend Learning Session","emailMessage/Body":"<p>Hello,<br>\n<br>\nThis is an automated reminder that there is a registration request for an employee to attend a learning session that requires your approval. Please find a recent email with subject line \"Request for CUPE Member @{outputs('Get_response_details')?['body/r9e13c855fb9b42d0a0b9a393a9724963']} to attend Learning Session\" and approve or reject the request before the 30 day timeout or the session fills. Thank you!</p>","emailMessage/Importance":"Normal"},"authentication":"@parameters('$authentication')"}}},"runAfter":{"Delay_5":["Succeeded"]},"expression":"@equals(variables('loopstop'), 'yes')","limit":{"count":60,"timeout":"PT1H"},"metadata":{"operationMetadataId":"8d47556f-fac2-4c6d-9a21-955a5de98213"},"type":"Until"},"Set_loopstop_cupe":{"runAfter":{"Response_from_PLS_3":["Succeeded"]},"metadata":{"operationMetadataId":"5e8d1498-0192-4db8-b322-9b274c1ef63d"},"type":"SetVariable","inputs":{"name":"loopstop","value":"yes"}}},"runAfter":{"Set_admin_approves_2":["Succeeded"]},"expression":{"equals":["@variables('admin_approves')","yes"]},"metadata":{"operationMetadataId":"562c70b5-b3e9-4e27-b98d-72d4cb9fec3e"},"type":"If"},"Set_cupe_job_title":{"runAfter":{"Send_email_to_Registrant_asking_to_wait_3":["Succeeded"]},"metadata":{"operationMetadataId":"94731e80-ca24-4709-a9eb-5c4a8484e3aa"},"type":"SetVariable","inputs":{"name":"cupe_job_title","value":"@outputs('Get_response_details')?['body/r9350b9972d7f43f1b94baa311f05acaa']"}},"Set_admin_approves_2":{"runAfter":{"Set_cupe_job_title":["Succeeded"]},"metadata":{"operationMetadataId":"6b0e0c37-4af7-48af-9f28-e673a373b0b6"},"type":"SetVariable","inputs":{"name":"admin_approves","value":"yes"}},"reset_loopstop_cupe":{"runAfter":{"PLS_approval_3":["Succeeded"]},"metadata":{"operationMetadataId":"73abe2a4-5ae0-4cb1-bb25-7f07040eb66c"},"type":"SetVariable","inputs":{"name":"loopstop","value":"aa"}}},"runAfter":{"Send_Request_for_TTOC_VTA":["Succeeded"]},"expression":{"and":[{"not":{"equals":["@variables('SessionatMaxCapacity')","yes"]}},{"equals":["@outputs('Get_response_details')?['body/r599344dfe3394589b8079086dc648653']","CUPE"]}]},"metadata":{"operationMetadataId":"49de8767-a48f-4bdc-ba2f-12bca6a3a23d"},"type":"If"},"add_to_calendar_event_if_approved_and_or_space_available":{"actions":{"Get_Learning_Event":{"runAfter":{},"metadata":{"operationMetadataId":"3d89c832-126a-4f58-8e3c-a12011fd39ac"},"type":"OpenApiConnection","inputs":{"host":{"apiId":"/providers/Microsoft.PowerApps/apis/shared_office365","connectionName":"shared_office365","operationId":"V3CalendarGetItem"},"parameters":{"table":"AAMkADM4YTE2OWQ4LTQyMjctNDBiOS04NjA4LWVjMTE3MTcxNDhhYgBGAAAAAADP8prdIMwURIk9lUtu-g1DBwBvBW7PZ5k0RqpiFv_W-ZopAAAAAAEGAABvBW7PZ5k0RqpiFv_W-ZopAAAKKmsLAAA=","id":"@first(body('Filter_array_for_Learning_Events_2'))['id']"},"authentication":"@parameters('$authentication')"}},"Update_Learning_Event":{"runAfter":{"Get_Learning_Event":["Succeeded"]},"metadata":{"operationMetadataId":"402c9a57-57dd-4486-9da1-1e4de2a89539"},"type":"OpenApiConnection","inputs":{"host":{"apiId":"/providers/Microsoft.PowerApps/apis/shared_office365","connectionName":"shared_office365","operationId":"V4CalendarPatchItem"},"parameters":{"table":"AAMkADM4YTE2OWQ4LTQyMjctNDBiOS04NjA4LWVjMTE3MTcxNDhhYgBGAAAAAADP8prdIMwURIk9lUtu-g1DBwBvBW7PZ5k0RqpiFv_W-ZopAAAAAAEGAABvBW7PZ5k0RqpiFv_W-ZopAAAKKmsLAAA=","id":"@outputs('Get_Learning_Event')?['body/id']","item/subject":"@outputs('Get_Learning_Event')?['body/subject']","item/start":"@outputs('Get_Learning_Event')?['body/start']","item/end":"@outputs('Get_Learning_Event')?['body/end']","item/timeZone":"(UTC) Coordinated Universal Time","item/requiredAttendees":"@outputs('Get_Learning_Event')?['body/requiredAttendees']","item/optionalAttendees":"@{outputs('Get_Learning_Event')?['body/optionalAttendees']};@{outputs('Get_response_details')?['body/r4b12e4fe0d95421aaa4a760803e16fc8']}","item/body":"<p>@{outputs('Get_Learning_Event')?['body/body']}</p>","item/location":"@outputs('Get_Learning_Event')?['body/location']","item/isAllDay":"@outputs('Get_Learning_Event')?['body/isAllDay']","item/isReminderOn":"@outputs('Get_Learning_Event')?['body/isReminderOn']","item/responseRequested":false},"authentication":"@parameters('$authentication')"}}},"runAfter":{"Send_Request_for_CUPE":["Succeeded"]},"expression":{"equals":["@variables('confirmation_email_sent_registrant')","yes"]},"metadata":{"operationMetadataId":"489463cf-1c2c-4799-aa0f-b967ee230ed4"},"type":"If"},"Add_Registrant_to_Spreadsheet":{"actions":{"Add_Registrant_to_table":{"actions":{"Add_registrant_to_registration_and_event_workbook":{"runAfter":{"Set_registration_id":["Succeeded"]},"metadata":{"01U7SYO7BFR24Z3HZEJFBKSSGR2WODTQUW":"/Automation - Learning Department Session Scheduler Sep 2022/Learning_Session_Workbook.xlsx","operationMetadataId":"f9bb5f48-7ef2-4fbf-b8b6-9c871526c252","tableId":"Registrants"},"type":"OpenApiConnection","inputs":{"host":{"apiId":"/providers/Microsoft.PowerApps/apis/shared_excelonlinebusiness","connectionName":"shared_excelonlinebusiness","operationId":"AddRowV2"},"parameters":{"source":"me","drive":"b!b9bnH5uZeE2qgfRgwaNHVPMoML1YyrhPrueck9ucTVOBVmZxVdnGRKOamzB3g8K-","file":"01U7SYO7BFR24Z3HZEJFBKSSGR2WODTQUW","table":"Registrants","item/FirstName":"@outputs('Get_response_details')?['body/r3fe2eebc3dc84deba28c7a27c70dc31d']","item/LastName":"@outputs('Get_response_details')?['body/r9e13c855fb9b42d0a0b9a393a9724963']","item/RegistrantEmail":"@outputs('Get_response_details')?['body/r4b12e4fe0d95421aaa4a760803e16fc8']","item/SessionRegistered":"@variables('formatted_Session_name')","item/SessionDate":"@variables('PowerAppDateTime')","item/AttendedTF":"FALSE","item/Attended":"No","item/GLCode":"@variables('GLCode')","item/TTOCRequired":"@variables('TTOC_Required')","item/registrant_id":"@variables('registration_id')","item/employee_num":"@outputs('Get_response_details')?['body/rdf35afc3ad0c483b80ef92519cdace98']","item/session_location":"@variables('session_location')","item/CUPE_job_title":"@variables('cupe_job_title')","item/Facil_Email":"@variables('facil_email')","item/Registration_Approved":"yes","item/worksite":"@variables('Worksite')","item/subject_taught":"@variables('Subject_Taught')","item/grade":"@variables('GradeTaught')","item/Exempt_Job_Title":"@variables('exempt_job_title')","item/CUPEGLCode":"@variables('GLCode')"},"authentication":"@parameters('$authentication')"}},"Set_registration_id":{"runAfter":{"Compose_10":["Succeeded"]},"metadata":{"operationMetadataId":"5b85b566-6b98-45ac-8ce3-ca8ebcc9abd1"},"type":"SetVariable","inputs":{"name":"registration_id","value":"@int(outputs('Compose_10'))"}},"List_rows_present_in_a_table":{"runAfter":{},"metadata":{"01U7SYO7BFR24Z3HZEJFBKSSGR2WODTQUW":"/Automation - Learning Department Session Scheduler Sep 2022/Learning_Session_Workbook.xlsx","operationMetadataId":"ab3fd605-853e-4ba6-bf34-a6355dc3a131","tableId":"{17D59D1B-361D-430A-8913-80864F87403A}"},"type":"OpenApiConnection","inputs":{"host":{"apiId":"/providers/Microsoft.PowerApps/apis/shared_excelonlinebusiness","connectionName":"shared_excelonlinebusiness","operationId":"GetItems"},"parameters":{"source":"me","drive":"b!b9bnH5uZeE2qgfRgwaNHVPMoML1YyrhPrueck9ucTVOBVmZxVdnGRKOamzB3g8K-","file":"01U7SYO7BFR24Z3HZEJFBKSSGR2WODTQUW","table":"{17D59D1B-361D-430A-8913-80864F87403A}"},"authentication":"@parameters('$authentication')"},"runtimeConfiguration":{"paginationPolicy":{"minimumItemCount":1000}}},"List_rows_present_in_archive":{"runAfter":{"List_rows_present_in_a_table":["Succeeded"]},"metadata":{"01U7SYO7BFR24Z3HZEJFBKSSGR2WODTQUW":"/Automation - Learning Department Session Scheduler Sep 2022/Learning_Session_Workbook.xlsx","operationMetadataId":"50a961ae-4c88-43c7-a5ef-74998b418ad5","tableId":"{36B5EA7B-DD50-4C5E-8A76-127BBA5C9975}"},"type":"OpenApiConnection","inputs":{"host":{"apiId":"/providers/Microsoft.PowerApps/apis/shared_excelonlinebusiness","connectionName":"shared_excelonlinebusiness","operationId":"GetItems"},"parameters":{"source":"me","drive":"b!b9bnH5uZeE2qgfRgwaNHVPMoML1YyrhPrueck9ucTVOBVmZxVdnGRKOamzB3g8K-","file":"01U7SYO7BFR24Z3HZEJFBKSSGR2WODTQUW","table":"{36B5EA7B-DD50-4C5E-8A76-127BBA5C9975}"},"authentication":"@parameters('$authentication')"}},"Show_Reg_ID_Temp":{"runAfter":{"Set_regsitration_id":["Succeeded"]},"metadata":{"operationMetadataId":"3086adcf-f3b3-4c0c-804c-f8befae6d4a8"},"type":"Compose","inputs":"@variables('registration_id_temp')"},"Compose_10":{"runAfter":{"Show_Reg_ID_Temp":["Succeeded"]},"metadata":{"operationMetadataId":"95f95c62-d009-4fb9-86b6-a0d491d8f579"},"type":"Compose","inputs":"@add(int(variables('registration_id')),1)"},"Create_item":{"runAfter":{"Add_registrant_to_registration_and_event_workbook":["Succeeded"]},"metadata":{"operationMetadataId":"e8d243c1-e457-4ab5-9851-4839d3e11dab"},"type":"OpenApiConnection","inputs":{"host":{"apiId":"/providers/Microsoft.PowerApps/apis/shared_sharepointonline","connectionName":"shared_sharepointonline_1","operationId":"PostItem"},"parameters":{"dataset":"https://sd22org.sharepoint.com/sites/ProcessAutomation","table":"f01e29b1-66e0-4d9d-a25d-d5215c507519"},"authentication":"@parameters('$authentication')"}},"Get_Registrants":{"runAfter":{"List_rows_present_in_archive":["Succeeded"]},"metadata":{"operationMetadataId":"8a7f6bb4-5df1-455f-adce-e3c8cc64eff4"},"type":"OpenApiConnection","inputs":{"host":{"apiId":"/providers/Microsoft.PowerApps/apis/shared_sharepointonline","connectionName":"shared_sharepointonline_1","operationId":"GetItems"},"parameters":{"dataset":"https://sd22org.sharepoint.com/sites/ProcessAutomation","table":"f01e29b1-66e0-4d9d-a25d-d5215c507519"},"authentication":"@parameters('$authentication')"}},"Get_Archive_Registrants":{"runAfter":{"Get_Registrants":["Succeeded"]},"metadata":{"operationMetadataId":"f538ad37-c108-480b-8a24-c243b91db4a1"},"type":"OpenApiConnection","inputs":{"host":{"apiId":"/providers/Microsoft.PowerApps/apis/shared_sharepointonline","connectionName":"shared_sharepointonline_1","operationId":"GetItems"},"parameters":{"dataset":"https://sd22org.sharepoint.com/sites/ProcessAutomation","table":"7a01a6e1-96ef-4482-adc0-7f1ce87eef4f"},"authentication":"@parameters('$authentication')"}},"ID_number_from_archive_registrants":{"foreach":"@outputs('Get_Archive_Registrants')?['body/value']","actions":{"Compose_12":{"runAfter":{},"metadata":{"operationMetadataId":"d3fc5b8a-235f-4fec-a339-b8afbdc819a1"},"type":"Compose","inputs":"@items('ID_number_from_archive_registrants')?['field_10']"},"Condition_8":{"actions":{},"runAfter":{"Compose_12":["Succeeded"]},"else":{"actions":{"Condition_9":{"actions":{"Compose_13":{"runAfter":{},"metadata":{"operationMetadataId":"a1890e56-2d52-4074-a67f-bda6aa4458f6"},"type":"Compose","inputs":"@items('ID_number_from_archive_registrants')?['field_10']"},"Set_variable_21":{"runAfter":{"Compose_13":["Succeeded"]},"metadata":{"operationMetadataId":"a3cdccd9-9778-4ffb-b257-8fda3258acd2"},"type":"SetVariable","inputs":{"name":"registration_id_temp","value":"@int(outputs('Compose_13'))"}}},"runAfter":{},"expression":{"greater":["@int(outputs('Compose_12'))","@int(variables('registration_id_temp'))"]},"metadata":{"operationMetadataId":"69e7942f-37d4-426c-be5d-0776af1f6e84"},"type":"If"}}},"expression":{"less":["@length(outputs('Get_Archive_Registrants')?['body/value'])",1]},"metadata":{"operationMetadataId":"1051f93a-a98f-4e56-8e8c-32f5928e0c46"},"type":"If"}},"runAfter":{"Set_reg_id_temp":["Succeeded"]},"metadata":{"operationMetadataId":"3ace23a5-6bc3-46a5-8c07-e8160eb55b62"},"type":"Foreach"},"Set_reg_id_temp":{"runAfter":{"Get_Archive_Registrants":["Succeeded"]},"metadata":{"operationMetadataId":"d651a581-e337-4f6b-bf05-7011092320fd"},"type":"SetVariable","inputs":{"name":"registration_id_temp","value":0}},"Set_regsitration_id":{"runAfter":{"Get_highest_ID_num_current_registrants":["Succeeded"]},"metadata":{"operationMetadataId":"6386d24e-70c6-4497-8b11-2957ce416179"},"type":"SetVariable","inputs":{"name":"registration_id","value":"@variables('registration_id_temp')"}},"Get_highest_ID_num_current_registrants":{"foreach":"@outputs('Get_Registrants')?['body/value']","actions":{"Compose_5":{"runAfter":{},"metadata":{"operationMetadataId":"40fa2308-e68a-4881-9b13-a3986de69b91"},"type":"Compose","inputs":"@items('Get_highest_ID_num_current_registrants')?['field_11']"},"Condition_6":{"actions":{},"runAfter":{"Compose_5":["Succeeded"]},"else":{"actions":{"Condition_7":{"actions":{"Compose_11":{"runAfter":{},"metadata":{"operationMetadataId":"a1890e56-2d52-4074-a67f-bda6aa4458f6"},"type":"Compose","inputs":"@items('Get_highest_ID_num_current_registrants')?['field_11']"},"Set_variable_7":{"runAfter":{"Compose_11":["Succeeded"]},"metadata":{"operationMetadataId":"a3cdccd9-9778-4ffb-b257-8fda3258acd2"},"type":"SetVariable","inputs":{"name":"registration_id_temp","value":"@int(outputs('Compose_11'))"}}},"runAfter":{},"expression":{"greater":["@int(outputs('Compose_5'))","@int(variables('registration_id_temp'))"]},"metadata":{"operationMetadataId":"69e7942f-37d4-426c-be5d-0776af1f6e84"},"type":"If"}}},"expression":{"less":["@length(outputs('Get_Registrants')?['body/value'])",1]},"metadata":{"operationMetadataId":"961a28f8-5f83-4f25-a8d6-5d1949e9a368"},"type":"If"}},"runAfter":{"ID_number_from_archive_registrants":["Succeeded"]},"metadata":{"operationMetadataId":"52073a06-ac36-44a0-9ff7-5b22ab539b8f"},"type":"Foreach","runtimeConfiguration":{"concurrency":{"repetitions":1}}}},"runAfter":{},"metadata":{"operationMetadataId":"83328680-7dee-4280-9551-adf50a31c4bc"},"type":"Scope"}},"runAfter":{"add_to_calendar_event_if_approved_and_or_space_available":["Succeeded"]},"else":{"actions":{"Terminate_2":{"runAfter":{},"metadata":{"operationMetadataId":"408f4c58-cf37-4c5e-98b8-22b279906f1a"},"type":"Terminate","inputs":{"runStatus":"Succeeded"}}}},"expression":{"equals":["@variables('confirmation_email_sent_registrant')","yes"]},"metadata":{"operationMetadataId":"c25c185b-d45c-443a-a72a-c389e2011401"},"type":"If"},"Set_Variables_Learning":{"actions":{"Get_event_info":{"runAfter":{"Build_Optional_Attendee_List_from_variable_learning":["Succeeded"]},"metadata":{"01U7SYO7BFR24Z3HZEJFBKSSGR2WODTQUW":"/Automation - Learning Department Session Scheduler Sep 2022/Learning_Session_Workbook.xlsx","operationMetadataId":"9e7ce522-e86b-4370-b14e-b2338a5871cd","tableId":"{EBE8D35C-C4AC-41DD-BB36-46EAC10D8013}"},"type":"OpenApiConnection","inputs":{"host":{"apiId":"/providers/Microsoft.PowerApps/apis/shared_excelonlinebusiness","connectionName":"shared_excelonlinebusiness","operationId":"GetItem"},"parameters":{"source":"me","drive":"b!b9bnH5uZeE2qgfRgwaNHVPMoML1YyrhPrueck9ucTVOBVmZxVdnGRKOamzB3g8K-","file":"01U7SYO7BFR24Z3HZEJFBKSSGR2WODTQUW","table":"{EBE8D35C-C4AC-41DD-BB36-46EAC10D8013}","idColumn":"Subject","id":"@variables('event_subject')"},"authentication":"@parameters('$authentication')"}},"Set_event_subject_from_event":{"runAfter":{},"metadata":{"operationMetadataId":"c04d4a0e-6658-4ef9-9d67-996f2fa332d3"},"type":"SetVariable","inputs":{"name":"event_subject","value":"@outputs('Get_Learning_Event_2')?['body/subject']"}},"Set_optionalattendee_string_from_event":{"runAfter":{"Set_PowerAppDateTime":["Succeeded"]},"metadata":{"operationMetadataId":"12bb9e06-74f9-42bd-8db6-65363aaa1aa3"},"type":"SetVariable","inputs":{"name":"optionalattendeestring","value":"@outputs('Get_Learning_Event_2')?['body/optionalAttendees']"}},"Build_Optional_Attendee_List_from_variable_learning":{"actions":{"Set_variable_8_from_event":{"runAfter":{},"metadata":{"operationMetadataId":"00943e97-d209-4f23-80b4-b5e0b6ad374b"},"type":"SetVariable","inputs":{"name":"OptionalAttendeeArray","value":"@split(variables('optionalattendeestring'),';')"}},"Compose":{"runAfter":{"Set_variable_8_from_event":["Succeeded"]},"metadata":{"operationMetadataId":"1077134e-ab10-437e-a649-1e2a18899de1"},"type":"Compose","inputs":"@length(variables('OptionalAttendeeArray'))"}},"runAfter":{"Set_optionalattendee_string_from_event":["Succeeded"]},"expression":{"greater":["@length(variables('optionalattendeestring'))",0]},"metadata":{"operationMetadataId":"9526be08-6dc1-441c-8878-23b72ae6a958"},"type":"If"},"Set_PowerAppDateTime":{"runAfter":{"Convert_time_zone_from_event":["Succeeded"]},"metadata":{"operationMetadataId":"c696d290-1a03-49c6-9ee7-e6b6984c2579"},"type":"SetVariable","inputs":{"name":"PowerAppDateTime","value":"@body('Convert_time_zone_from_event')"}},"Convert_time_zone_from_event":{"runAfter":{"Set_event_subject_from_event":["Succeeded"]},"metadata":{"operationMetadataId":"f5f866d2-8c43-402f-bf9f-8b88063be8c9"},"type":"Expression","kind":"ConvertTimeZone","inputs":{"baseTime":"@outputs('Get_Learning_Event_2')?['body/startWithTimeZone']","formatString":"s","sourceTimeZone":"UTC","destinationTimeZone":"Pacific Standard Time"}},"Set_facil_email":{"runAfter":{"Get_event_info":["Succeeded"]},"metadata":{"operationMetadataId":"5967bb6a-3240-4e79-8299-b91dfc994c83"},"type":"SetVariable","inputs":{"name":"facil_email","value":"@outputs('Get_event_info')?['body/Required_attendees']"}},"Set_session_location":{"runAfter":{"Set_facil_email":["Succeeded"]},"metadata":{"operationMetadataId":"aa0c8ba6-b54e-4d16-be9e-a3b6694ac9ca"},"type":"SetVariable","inputs":{"name":"session_location","value":"@outputs('Get_event_info')?['body/Location']"}},"Set_formatted_sessiondate_from_table":{"runAfter":{"Set_session_location":["Succeeded"]},"metadata":{"operationMetadataId":"9b5340f7-4d0a-4475-9e8b-cbd8b54b4979"},"type":"SetVariable","inputs":{"name":"SessionDate","value":"@{substring(outputs('Get_event_info')?['body/Start_time'],0,10)}"}},"Set_starttime_from_table":{"runAfter":{"Set_formatted_sessiondate_from_table":["Succeeded"]},"metadata":{"operationMetadataId":"da129d65-6a66-4618-80aa-0024da5e2d4e"},"type":"SetVariable","inputs":{"name":"StartTime","value":"@{substring(outputs('Get_event_info')?['body/Start_time'],11,5)}"}},"Set_endtime_from_table":{"runAfter":{"Set_starttime_from_table":["Succeeded"]},"metadata":{"operationMetadataId":"6e07fd9e-1043-4503-a601-cf72abbc210e"},"type":"SetVariable","inputs":{"name":"Endtime","value":"@{substring(outputs('Get_event_info')?['body/End_time'],11,5)}"}},"Set_Max_Capacity_if_greater_than_0":{"actions":{"Set_MaxCapacity":{"runAfter":{},"metadata":{"operationMetadataId":"93cf5d2a-efdc-4dd8-b21d-04fa7d825d5c"},"type":"SetVariable","inputs":{"name":"MaxCapacity","value":"@int(outputs('Get_event_info')?['body/Max_Capacity'])"}}},"runAfter":{"Set_GL_Code_if_greater_than_0":["Succeeded"]},"expression":{"greater":["@length(outputs('Get_event_info')?['body/Max_Capacity'])",0]},"metadata":{"operationMetadataId":"f575c202-6bc7-4df1-9ef3-8b0fa77b507d"},"type":"If"},"Set_TTOC_requested_spots_if_greater_than_0":{"actions":{"Set_Total_TTOC_Avail":{"runAfter":{},"metadata":{"operationMetadataId":"ff33a492-961b-4417-971b-5d0ba27989c5"},"type":"SetVariable","inputs":{"name":"Total_TTOC_Spots_Avail","value":"@{int(outputs('Get_event_info')?['body/Requested_TTOC_Spots'])}"}}},"runAfter":{"Set_Max_Capacity_if_greater_than_0":["Succeeded"]},"else":{"actions":{"TTOC_required_but_not_requested_or_approved_TTOC_spots":{"actions":{"Set_variable_18":{"runAfter":{},"metadata":{"operationMetadataId":"b11f5bd7-57e2-46f7-a510-6b274d755180"},"type":"SetVariable","inputs":{"name":"Total_TTOC_Spots_Avail","value":"@{int('0')}"}}},"runAfter":{},"expression":{"equals":["@variables('TTOC_Required')","yes"]},"metadata":{"operationMetadataId":"05cf679f-e1ca-45d0-bd54-a40a8f0e0455"},"type":"If"}}},"expression":{"greater":["@length(outputs('Get_event_info')?['body/Requested_TTOC_Spots'])",0]},"metadata":{"operationMetadataId":"774786d4-e4ff-4f6c-8044-e1202b900c32"},"type":"If"},"Set_GL_Code_if_greater_than_0":{"actions":{"Set_GLCode":{"runAfter":{},"metadata":{"operationMetadataId":"5751b2de-f2e5-40f5-849a-20d9d96be47e"},"type":"SetVariable","inputs":{"name":"GLCode","value":"@outputs('Get_event_info')?['body/TTOC_GLCode']"}}},"runAfter":{"Set_endtime_from_table":["Succeeded"]},"else":{"actions":{"Condition_4":{"actions":{"Set_GL_Code":{"runAfter":{},"metadata":{"operationMetadataId":"03fc3355-723f-4139-b861-575d28236595"},"type":"SetVariable","inputs":{"name":"GLCode","value":"@outputs('Get_event_info')?['body/CUPE_GLCode']"}}},"runAfter":{},"expression":{"greater":["@length(outputs('Get_event_info')?['body/CUPE_GLCode'])",0]},"metadata":{"operationMetadataId":"750d895e-9aa7-4387-8570-d2a268af9e75"},"type":"If"}}},"expression":{"greater":["@length(outputs('Get_event_info')?['body/TTOC_GLCode'])",0]},"metadata":{"operationMetadataId":"fe84a81c-437f-4a99-b47a-bd5fd424cdcd"},"type":"If"}},"runAfter":{"Get_Required_Attendees":["Succeeded"]},"metadata":{"operationMetadataId":"c9fe162d-7338-470a-b82d-bc39392f1ad5"},"type":"Scope"},"Get_Learning_Event_2":{"runAfter":{},"metadata":{"operationMetadataId":"3d89c832-126a-4f58-8e3c-a12011fd39ac"},"type":"OpenApiConnection","inputs":{"host":{"apiId":"/providers/Microsoft.PowerApps/apis/shared_office365","connectionName":"shared_office365","operationId":"V3CalendarGetItem"},"parameters":{"table":"AAMkADM4YTE2OWQ4LTQyMjctNDBiOS04NjA4LWVjMTE3MTcxNDhhYgBGAAAAAADP8prdIMwURIk9lUtu-g1DBwBvBW7PZ5k0RqpiFv_W-ZopAAAAAAEGAABvBW7PZ5k0RqpiFv_W-ZopAAAKKmsLAAA=","id":"@first(body('Filter_array_for_Learning_Events_2'))['id']"},"authentication":"@parameters('$authentication')"}},"check_Max_Capacity":{"actions":{"Is_session_full":{"actions":{},"runAfter":{},"else":{"actions":{"Set_Session_at_MaxCapacity":{"runAfter":{},"metadata":{"operationMetadataId":"19c29118-aaa7-4b82-b617-e60a57f95c65"},"type":"SetVariable","inputs":{"name":"SessionatMaxCapacity","value":"yes"}}}},"expression":{"lessOrEquals":["@length(variables('OptionalAttendeeArray'))","@int(variables('MaxCapacity'))"]},"metadata":{"operationMetadataId":"3a50f73d-d41a-4003-a144-d4a1e2935944"},"type":"If"}},"runAfter":{"Set_Variables_Learning":["Succeeded"]},"expression":{"greater":["@variables('MaxCapacity')",0]},"metadata":{"operationMetadataId":"d71f4776-2623-427f-89f8-b30fde61d35a"},"type":"If"},"Get_Required_Attendees":{"runAfter":{"Get_Learning_Event_2":["Succeeded"]},"metadata":{"operationMetadataId":"e5888383-0e38-44aa-87ef-3d1540f1f060"},"type":"Compose","inputs":"@outputs('Get_Learning_Event_2')?['body/requiredAttendees']"}},"runAfter":{"Filter_array_for_Learning_Events_2":["Succeeded"]},"expression":{"equals":["@empty(body('Filter_array_for_Learning_Events_2'))",false]},"metadata":{"operationMetadataId":"b6315e17-86f9-48d4-aa2b-8f49046f66dd"},"type":"If"}},"runAfter":{"Get_all_Learning_Events":["Succeeded"]},"metadata":{"operationMetadataId":"bbf26954-a672-495b-ad92-0fc999f102ac"},"type":"Scope"},"Get_all_Learning_Events":{"runAfter":{"Initialize_facil_email":["Succeeded"]},"metadata":{"operationMetadataId":"e494b76b-b0fe-47de-8191-a4fc9bb2f610"},"type":"OpenApiConnection","inputs":{"host":{"apiId":"/providers/Microsoft.PowerApps/apis/shared_office365","connectionName":"shared_office365","operationId":"V4CalendarGetItems"},"parameters":{"table":"AAMkADM4YTE2OWQ4LTQyMjctNDBiOS04NjA4LWVjMTE3MTcxNDhhYgBGAAAAAADP8prdIMwURIk9lUtu-g1DBwBvBW7PZ5k0RqpiFv_W-ZopAAAAAAEGAABvBW7PZ5k0RqpiFv_W-ZopAAAKKmsLAAA=","$filter":"Start/DateTime gt '@{variables('Now')}'"},"authentication":"@parameters('$authentication')"}},"Stop_process_if_cancelled":{"actions":{"InformParticipantCancelled":{"runAfter":{},"metadata":{"operationMetadataId":"a128664a-bdfa-4a80-8c23-d26be8923da7"},"type":"OpenApiConnection","inputs":{"host":{"apiId":"/providers/Microsoft.PowerApps/apis/shared_office365","connectionName":"shared_office365","operationId":"SendEmailV2"},"parameters":{"emailMessage/To":"@outputs('Get_response_details')?['body/r4b12e4fe0d95421aaa4a760803e16fc8']","emailMessage/Subject":"Attempt to Register for @{variables('formatted_Session_name')} - Cancelled","emailMessage/Body":"<p>Hello,<br>\n<br>\nThis is an automated email to let you know you are attempting to register for a session that has been cancelled. Please return to the registration form to see if there are any other sessions or workshops that are of interest to you.<br>\n<br>\nThank you!</p>","emailMessage/Importance":"Normal"},"authentication":"@parameters('$authentication')"}},"Terminate_3":{"runAfter":{"InformParticipantCancelled":["Succeeded"]},"metadata":{"operationMetadataId":"476fdd8e-33e8-4e2c-97ca-44f826ad3cbc"},"type":"Terminate","inputs":{"runStatus":"Succeeded"}}},"runAfter":{"Format_Session_Name":["Succeeded"]},"expression":{"or":[{"contains":["@variables('formatted_Session_name')","Cancelled:"]},{"contains":["@variables('formatted_Session_name')","CANCELLED:"]},{"contains":["@variables('formatted_Session_name')","cancelled:"]}]},"metadata":{"operationMetadataId":"af5d5ea0-7130-44d2-8d59-b4c6894caab9"},"type":"If"},"Initialize_robertemail":{"runAfter":{"Initialize_loopstop":["Succeeded"]},"metadata":{"operationMetadataId":"7cffee05-1a19-4a36-ba0c-482f92d7e92b"},"type":"InitializeVariable","inputs":{"variables":[{"name":"robertemail","type":"string","value":"robertroutledge@gmail.com"}]}},"Initialize_loopstop":{"runAfter":{"Get_response_details":["Succeeded"]},"metadata":{"operationMetadataId":"4044fa8b-9421-4337-9c8c-caac7178f472"},"type":"InitializeVariable","inputs":{"variables":[{"name":"loopstop","type":"string"}]}}}},"connectionReferences":{"shared_microsoftforms":{"connectionName":"0bf25c6f995041a49fed9e7bd9ce77b2","source":"Embedded","id":"/providers/Microsoft.PowerApps/apis/shared_microsoftforms","tier":"NotSpecified"},"shared_office365":{"connectionName":"shared-office365-4c827281-feb5-474a-b2d1-4cc884a41c98","source":"Embedded","id":"/providers/Microsoft.PowerApps/apis/shared_office365","tier":"NotSpecified"},"shared_excelonlinebusiness":{"connectionName":"shared-excelonlinebu-d2c3173b-7589-4deb-8008-ba8d8395ae9d","source":"Embedded","id":"/providers/Microsoft.PowerApps/apis/shared_excelonlinebusiness","tier":"NotSpecified"},"shared_office365_2":{"connectionName":"24d47822f76743e38de004e79e8101cb","source":"Embedded","id":"/providers/Microsoft.PowerApps/apis/shared_office365","tier":"NotSpecified"},"shared_sharepointonline_1":{"connectionName":"029cea0525f1426890c39085494c7cc9","source":"Embedded","id":"/providers/Microsoft.PowerApps/apis/shared_sharepointonline","tier":"NotSpecified"}},"flowFailureAlertSubscribed":false,"isManaged":false}}